repo,otsikko,url,luotu,kommentteja,reaktioita,kirjoittajan_rooli
gnunn1/tilix,Looking for a new maintainer,https://github.com/gnunn1/tilix/issues/1700,2019-05-05,62,159,OWNER
epwalsh/obsidian.nvim,Community fork | Looking for maintainers?,https://github.com/epwalsh/obsidian.nvim/issues/820,2025-02-01,18,82,NONE
railsware/upterm,Upterm is looking for maintainers,https://github.com/railsware/upterm/issues/1301,2018-05-28,15,81,MEMBER
mpvnet-player/mpv.net,Looking for a new developer or maintainer,https://github.com/mpvnet-player/mpv.net/issues/733,2025-04-30,12,62,COLLABORATOR
nix-community/poetry2nix,Maintenance: Looking for maintainers,https://github.com/nix-community/poetry2nix/issues/1865,2024-11-07,15,46,MEMBER
tulios/kafkajs,Looking for maintainers,https://github.com/tulios/kafkajs/issues/1603,2023-08-08,40,44,COLLABORATOR
ThePrimeagen/ts-rust-zig-deez,Looking for maintainers of specific languages.,https://github.com/ThePrimeagen/ts-rust-zig-deez/issues/84,2023-05-30,134,43,OWNER
fikovnik/ShiftIt,Looking for a new maintainer?,https://github.com/fikovnik/ShiftIt/issues/296,2018-11-13,37,42,OWNER
nikic/FastRoute,Looking for maintainer / Version 2.0,https://github.com/nikic/FastRoute/issues/173,2018-09-18,48,38,OWNER
uber/react-vis,This repository is currently inactive but we're looking for maintainers,https://github.com/uber/react-vis/issues/1303,2020-01-10,27,35,CONTRIBUTOR
isar/hive,Looking for a maintainer,https://github.com/isar/hive/issues/966,2022-05-15,8,35,CONTRIBUTOR
practical-tutorials/project-based-learning,Looking for maintainers,https://github.com/practical-tutorials/project-based-learning/issues/310,2021-08-16,36,34,MEMBER
dequis/purple-facebook,Looking for new maintainer,https://github.com/dequis/purple-facebook/issues/518,2021-05-18,42,30,OWNER
jaredpalmer/razzle,Looking for help / maintainers (Please read),https://github.com/jaredpalmer/razzle/issues/1159,2019-11-13,40,30,COLLABORATOR
meliorence/react-native-snap-carousel,[Help wanted] Looking for maintainers,https://github.com/meliorence/react-native-snap-carousel/issues/632,2019-12-04,24,29,CONTRIBUTOR
CatxFish/obs-v4l2sink,Looking for new maintainer + integration with main OBS build,https://github.com/CatxFish/obs-v4l2sink/issues/56,2020-06-17,6,29,NONE
kalkih/mini-graph-card,🚨 Looking for (more) maintainer(s)!,https://github.com/kalkih/mini-graph-card/issues/527,2021-01-02,16,28,OWNER
highlightjs/highlight.js,Looking for maintainers / contributors / code reviewers...,https://github.com/highlightjs/highlight.js/issues/1678,2018-01-17,56,25,MEMBER
pyfisch/cbor,Looking for Maintainers,https://github.com/pyfisch/cbor/issues/179,2020-02-01,37,25,OWNER
mariusmuntean/ChartJs.Blazor,Difficult times - Looking for Maintainers,https://github.com/mariusmuntean/ChartJs.Blazor/issues/160,2020-11-08,20,22,CONTRIBUTOR
reviewdog/reviewdog,Looking for maintainers,https://github.com/reviewdog/reviewdog/issues/196,2019-03-07,23,21,CONTRIBUTOR
mobxjs/mobx-devtools,Looking for maintainers,https://github.com/mobxjs/mobx-devtools/issues/55,2019-06-03,28,19,MEMBER
vispy/vispy,Looking for additional maintainers,https://github.com/vispy/vispy/issues/2570,2024-01-26,20,19,MEMBER
mysticatea/eslint-plugin-node,looking for maintainers?,https://github.com/mysticatea/eslint-plugin-node/issues/300,2021-10-14,5,18,CONTRIBUTOR
Xabaril/AspNetCore.Diagnostics.HealthChecks,Looking for maintainers,https://github.com/Xabaril/AspNetCore.Diagnostics.HealthChecks/issues/1714,2023-02-27,33,17,COLLABORATOR
jgonggrijp/pip-review,Looking for a new maintainer,https://github.com/jgonggrijp/pip-review/issues/76,2020-03-21,28,17,OWNER
mfrachet/rn-placeholder,Looking for maintainers,https://github.com/mfrachet/rn-placeholder/issues/179,2021-08-20,1,16,OWNER
stevenwanderski/bxslider-4,⚠️ ATTENTION: Looking for a maintainer for bxSlider,https://github.com/stevenwanderski/bxslider-4/issues/1095,2017-02-14,31,16,OWNER
rhysd/actionlint,Is this project still actively maintained? Are you looking for new maintainers?,https://github.com/rhysd/actionlint/issues/563,2025-08-13,7,16,NONE
Relm4/Relm4,Looking for maintainers,https://github.com/Relm4/Relm4/issues/783,2025-09-06,12,15,MEMBER
serenader2014/flutter_carousel_slider,Looking for maintainers,https://github.com/serenader2014/flutter_carousel_slider/issues/289,2021-06-19,13,15,OWNER
kalkih/mini-media-player,🚨 Looking for maintainer(s)!,https://github.com/kalkih/mini-media-player/issues/789,2023-11-15,5,15,OWNER
DuendeArchive/identity-model-oidc-client-js,Looking for a new maintainer,https://github.com/DuendeArchive/identity-model-oidc-client-js/issues/1391,2021-06-02,3,14,CONTRIBUTOR
oneclick/rubyinstaller,Looking for a Maintainer for Ruby 2.2 and 2.3 releases,https://github.com/oneclick/rubyinstaller/issues/348,2016-12-07,41,14,MEMBER
anothrNick/github-tag-action,📣 LOOKING FOR MAINTAINERS 📣,https://github.com/anothrNick/github-tag-action/issues/238,2023-01-05,16,13,COLLABORATOR
forge-ext/forge,Still Looking for a New Maintainer,https://github.com/forge-ext/forge/issues/336,2024-01-01,14,13,COLLABORATOR
cssnano/cssnano,Looking for new owner(s)/maintainer(s),https://github.com/cssnano/cssnano/issues/833,2019-11-07,18,13,MEMBER
emilk/egui_plot,Looking for maintainer,https://github.com/emilk/egui_plot/issues/58,2024-06-25,10,12,OWNER
hyyan/woo-poly-integration,Looking for maintainers!,https://github.com/hyyan/woo-poly-integration/issues/410,2019-04-15,13,12,OWNER
neo4jrb/activegraph,Seeking new maintainer(s),https://github.com/neo4jrb/activegraph/issues/1516,2018-08-04,5,12,CONTRIBUTOR
Komet/MediaElch,[Update 2026-08] Looking for new contributors/maintainers,https://github.com/Komet/MediaElch/issues/1710,2024-01-24,1,12,COLLABORATOR
thomasnordquist/MQTT-Explorer,looking for maintainer,https://github.com/thomasnordquist/MQTT-Explorer/issues/885,2025-04-08,34,11,OWNER
spf13/spf13-vim,Is spf13-vim looking for maintainers?,https://github.com/spf13/spf13-vim/issues/1015,2017-02-04,8,11,CONTRIBUTOR
jantman/awslimitchecker,Looking for another maintainer,https://github.com/jantman/awslimitchecker/issues/500,2020-10-25,15,11,OWNER
electron-userland/electron-webpack,Looking for maintainers! Or use Vite to develop your Electron application,https://github.com/electron-userland/electron-webpack/issues/428,2021-02-11,22,11,CONTRIBUTOR
keratin/authn-server,Seeking Additional Maintainer,https://github.com/keratin/authn-server/issues/196,2022-04-01,4,11,MEMBER
memononen/nanovg,Looking for NanoVG maintainers,https://github.com/memononen/nanovg/issues/502,2018-08-08,8,11,OWNER
joefitzgerald/go-plus,Looking for new maintainer(s),https://github.com/joefitzgerald/go-plus/issues/911,2019-06-12,7,11,OWNER
Diaoul/subliminal,Subliminal is looking for maintainers!,https://github.com/Diaoul/subliminal/issues/1064,2024-01-08,15,10,OWNER
icloud-photos-downloader/icloud_photos_downloader,Looking for new MAINTAINER for the project,https://github.com/icloud-photos-downloader/icloud_photos_downloader/issues/1305,2026-01-06,20,10,COLLABORATOR
winfsp/sshfs-win,Looking for co-maintainer,https://github.com/winfsp/sshfs-win/issues/347,2022-04-26,1,10,COLLABORATOR
bakcxoj/bevy_wasm,Looking for new maintainer,https://github.com/bakcxoj/bevy_wasm/issues/21,2024-09-07,0,9,OWNER
kevboh/longform,Looking for a new maintainer,https://github.com/kevboh/longform/issues/327,2026-02-24,10,10,OWNER
getsentry/sentry-kubernetes,Support status: looking for community maintainers,https://github.com/getsentry/sentry-kubernetes/issues/42,2020-08-17,4,10,CONTRIBUTOR
LibVNC/x11vnc,❗Looking for a new maintainer 👀,https://github.com/LibVNC/x11vnc/issues/186,2022-01-31,32,10,MEMBER
gocolly/colly,Looking for maintainers,https://github.com/gocolly/colly/issues/840,2025-03-19,14,9,MEMBER
phenax/bsp-layout,Looking for maintainers,https://github.com/phenax/bsp-layout/issues/27,2021-04-10,9,9,OWNER
joshwcomeau/react-flip-move,Looking for maintainers,https://github.com/joshwcomeau/react-flip-move/issues/233,2018-08-18,9,9,OWNER
kbknapp/cargo-count,Looking for maintainers?,https://github.com/kbknapp/cargo-count/issues/48,2021-06-14,0,9,NONE
bastion-rs/bastion,Bastion is looking for maintainers!,https://github.com/bastion-rs/bastion/issues/32,2019-09-29,2,9,MEMBER
bgub/squirrelly,New Lead Maintainer Wanted,https://github.com/bgub/squirrelly/issues/210,2020-10-15,5,9,OWNER
tinyauthapp/tinyauth,Tinyauth is looking for more maintainers,https://github.com/tinyauthapp/tinyauth/issues/755,2026-04-02,5,9,MEMBER
nix-darwin/nix-darwin,Looking for additional maintainers,https://github.com/nix-darwin/nix-darwin/issues/358,2021-09-08,31,9,MEMBER
gammu/gammu,Gammu is looking for new maintainer,https://github.com/gammu/gammu/issues/475,2019-05-29,5,9,MEMBER
SimonHoiberg/direflow,Direflow is looking for awesome maintainers 🚀,https://github.com/SimonHoiberg/direflow/issues/221,2021-04-10,0,9,OWNER
inputsh/awesome-c,Looking for new maintainers,https://github.com/inputsh/awesome-c/issues/26,2017-04-03,12,8,OWNER
olahol/iso-3166-2.js,Looking for a maintainer?,https://github.com/olahol/iso-3166-2.js/issues/33,2021-01-22,2,8,NONE
mrandri19/rust-editorconfig,Looking for new maintainer?,https://github.com/mrandri19/rust-editorconfig/issues/13,2021-03-09,0,8,NONE
senviocom/react-textarea-autocomplete,👋 Beware – not actively maintained. Looking for maintainer and leader of complete rewrite.,https://github.com/senviocom/react-textarea-autocomplete/issues/226,2021-10-13,1,8,COLLABORATOR
Gert-dev/php-ide-serenata,Looking for a new maintainer,https://github.com/Gert-dev/php-ide-serenata/issues/522,2021-08-03,1,8,OWNER
zaru/webpush,Looking for a new maintainer?,https://github.com/zaru/webpush/issues/107,2022-06-01,6,8,CONTRIBUTOR
stachenov/quazip,New maintainer wanted,https://github.com/stachenov/quazip/issues/185,2024-02-22,28,7,OWNER
react-page/react-page,looking for maintainers,https://github.com/react-page/react-page/issues/1329,2024-11-05,22,7,COLLABORATOR
yjose/reactjs-popup,⚠️  Looking for maintainers for reactjs-popup library,https://github.com/yjose/reactjs-popup/issues/332,2023-01-20,30,7,OWNER
chrisvfritz/prerender-spa-plugin,Looking for maintainers!,https://github.com/chrisvfritz/prerender-spa-plugin/issues/477,2021-12-14,15,7,COLLABORATOR
Wisembly/elephant.io,Looking for maintainer(s),https://github.com/Wisembly/elephant.io/issues/135,2016-04-06,20,7,CONTRIBUTOR
icastillejogomez/degiro-api,Looking for maintainers to help me keeping update this project,https://github.com/icastillejogomez/degiro-api/issues/59,2024-08-06,16,7,OWNER
beryx/badass-jlink-plugin,Looking for co-maintainers,https://github.com/beryx/badass-jlink-plugin/issues/223,2022-12-25,10,7,MEMBER
rafamadriz/friendly-snippets,Looking for co-maintainer?,https://github.com/rafamadriz/friendly-snippets/issues/566,2025-04-12,0,7,CONTRIBUTOR
hyprland-community/hyprland-autoname-workspaces,Seeking New Maintainer for hyprland-autoname-workspaces,https://github.com/hyprland-community/hyprland-autoname-workspaces/issues/117,2024-12-28,7,7,COLLABORATOR
simplyGits/MagisterJS,Looking for a new maintainer,https://github.com/simplyGits/MagisterJS/issues/76,2017-07-15,20,7,MEMBER
NixOS/nixpkgs,Maintainer team wanted for looking after pkgsStatic,https://github.com/NixOS/nixpkgs/issues/103290,2020-11-10,14,7,CONTRIBUTOR
krobertson/deb-s3,Maintainers: This is not the repo you're looking for!,https://github.com/krobertson/deb-s3/issues/169,2020-07-08,3,7,NONE
grbsk/ng2-idle,New Maintainer Wanted,https://github.com/grbsk/ng2-idle/issues/97,2018-05-08,22,6,OWNER
gid-oss/dataui-nestjs-crud,Looking for maintainer ,https://github.com/gid-oss/dataui-nestjs-crud/issues/66,2024-10-11,10,6,MEMBER
cordx56/rustowl,Looking for maintainers,https://github.com/cordx56/rustowl/issues/68,2025-03-21,5,6,OWNER
jazzband/django-axes,Looking for maintainers and participants,https://github.com/jazzband/django-axes/issues/1016,2023-03-10,3,5,MEMBER
caarlos0/env,Looking for co-maintainers,https://github.com/caarlos0/env/issues/407,2026-02-03,3,6,OWNER
frctl/fractal,PSA: status of project & looking for maintainers!,https://github.com/frctl/fractal/issues/1167,2022-04-16,11,6,MEMBER
XiangRongLin/NewPipe-preuinified,Looking for new maintainer,https://github.com/XiangRongLin/NewPipe-preuinified/issues/26,2022-08-13,9,6,OWNER
hf/leveldb-android,Looking for a maintainer!,https://github.com/hf/leveldb-android/issues/12,2019-05-28,0,6,OWNER
PrecisionGazeMouse/PrecisionGazeMouse,Switching to Talon Voice - looking for new maintainer,https://github.com/PrecisionGazeMouse/PrecisionGazeMouse/issues/93,2023-01-31,5,6,COLLABORATOR
tobychui/zoraxy,Looking for a new Docker maintainer,https://github.com/tobychui/zoraxy/issues/1174,2026-05-13,7,6,COLLABORATOR
jenv/jenv,Looking for a new maintainer,https://github.com/jenv/jenv/issues/333,2021-08-22,25,6,COLLABORATOR
jsverify/jsverify,JSVerify is looking for a new maintainer.,https://github.com/jsverify/jsverify/issues/299,2019-04-12,15,6,MEMBER
sebastianbergmann/dbunit,Wanted (Maybe?): New Maintainer,https://github.com/sebastianbergmann/dbunit/issues/217,2018-10-02,9,6,OWNER
rustwasm/book,Is this repo looking for new contributors/maintainers? ,https://github.com/rustwasm/book/issues/307,2023-12-09,5,5,NONE
zhrexl/DrawOnYourScreen2,Looking to take over as maintainer for this software.,https://github.com/zhrexl/DrawOnYourScreen2/issues/77,2024-11-04,2,6,NONE
njelich/LinkOff,Looking For Maintainer,https://github.com/njelich/LinkOff/issues/54,2024-01-26,6,5,OWNER
ansible-community/ansible-bender,👩‍🔧 Looking for maintainers ❤,https://github.com/ansible-community/ansible-bender/issues/282,2022-11-23,8,5,COLLABORATOR
