nimi,lataukset_kk,viimeinen_julkaisu_pypi,riippuvia_paketteja,riippuvia_repoja,yllapitajia,advisoryja,repo_tahdet,repo_avoimet_issuet,repo_arkistoitu,versioita,repo
python-dateutil,954014226,2024-03-01,6070,338574,4,0,2633,489,False,34,https://github.com/dateutil/dateutil
mdurl,444706580,2022-08-14,948,11693,1,0,16,2,False,4,https://github.com/executablebooks/mdurl
sniffio,416037733,2024-02-25,479,47737,1,0,112,11,False,6,https://github.com/python-trio/sniffio
distro,311707357,2023-12-24,397,12322,3,0,281,13,False,16,https://github.com/python-distro/distro
colorama,290832208,2022-10-25,3458,189970,2,0,3544,121,False,46,https://github.com/tartley/colorama
shellingham,290298823,2023-10-24,191,4027,2,0,319,19,False,23,https://github.com/sarugaku/shellingham
openpyxl,286743585,2024-06-28,2742,39804,2,1,,,,96,
requests-oauthlib,271445734,2024-03-25,601,95068,7,0,1774,131,False,23,https://github.com/requests/requests-oauthlib
sortedcontainers,224396943,2021-05-16,414,23703,1,0,3982,39,False,40,https://github.com/grantjenks/python-sortedcontainers
requests-toolbelt,217063197,2023-05-01,1632,23519,2,0,1039,94,False,21,https://github.com/requests/toolbelt
defusedxml,200712236,2023-09-29,565,94220,1,0,550,8,False,13,https://github.com/tiran/defusedxml
itsdangerous,180266319,2024-04-16,579,259870,1,0,3133,4,False,27,https://github.com/pallets/itsdangerous
jaraco.classes,160974923,2024-03-31,280,2185,1,0,10,0,False,20,https://github.com/jaraco/jaraco.classes
toml,156218205,2020-11-01,2821,127705,1,0,1135,140,False,16,https://github.com/uiri/toml
cycler,155932547,2023-10-07,632,98815,3,0,69,12,False,6,https://github.com/matplotlib/cycler
backoff,151065151,2022-10-05,567,9394,1,0,2695,64,True,37,https://github.com/litl/backoff
ptyprocess,145426307,2020-12-28,236,84285,3,0,240,21,False,10,https://github.com/pexpect/ptyprocess
asn1crypto,143612420,2022-03-15,174,34080,1,0,362,54,False,33,https://github.com/wbond/asn1crypto
pexpect,141934150,2023-11-25,533,92469,5,0,2848,170,False,20,https://github.com/pexpect/pexpect
jsonpatch,115332361,2023-06-26,179,7724,1,0,441,37,False,42,https://github.com/stefankoegl/python-json-patch
stack-data,91458390,2023-09-30,172,24349,2,0,51,4,False,21,https://github.com/alexmojaki/stack_data
nest-asyncio,81834954,2024-01-21,639,28658,1,0,753,6,True,36,https://github.com/erdewit/nest_asyncio
crashtest,75641306,2022-11-02,26,1535,1,0,24,3,False,4,https://github.com/sdispater/crashtest
mccabe,72386742,2022-01-24,240,139502,1,0,683,12,False,13,https://github.com/pycqa/mccabe
typing-inspect,69266029,2023-05-24,293,7082,1,0,375,24,False,12,https://github.com/ilevkivskyi/typing_inspect
deprecation,68769650,2020-04-20,362,3053,1,0,95,22,False,13,https://github.com/briancurtin/deprecation
text-unidecode,68308441,2019-08-30,97,29115,1,0,69,4,False,5,https://github.com/kmike/text-unidecode
types-certifi,68025097,2022-06-09,28,721,1,0,21,9,False,10,https://github.com/python/typeshed
jsonref,66125799,2023-01-16,127,1275,1,0,154,14,False,10,https://github.com/gazpachoking/jsonref
rfc3339-validator,64635775,2021-05-12,79,5913,1,0,8,6,False,5,https://github.com/naimetti/rfc3339-validator
python-pptx,64003855,2024-08-07,134,2396,1,0,3510,535,False,51,https://github.com/scanny/python-pptx
msrest,56173959,2022-06-13,296,3989,3,0,42,0,True,70,https://github.com/Azure/msrest-for-python
dataclasses-json,52014913,2024-06-09,587,6543,1,0,1486,165,False,77,https://github.com/lidatong/dataclasses-json
future,51965634,2024-02-21,1375,81678,4,2,1189,189,False,52,https://github.com/PythonCharmers/python-future
pandocfilters,50847810,2024-01-18,119,55442,2,0,560,20,False,16,https://github.com/jgm/pandocfilters
click-repl,49916157,2023-06-15,53,6905,1,0,239,28,False,9,https://github.com/untitaker/click-repl
py,49662042,2021-11-04,416,132961,7,2,72,16,False,65,https://github.com/pytest-dev/py
semantic-version,48621281,2022-05-26,298,5707,1,0,293,44,False,26,https://github.com/rbarrois/python-semanticversion
antlr4-python3-runtime,48233115,2024-08-03,236,3834,2,0,,,,22,
pysocks,48108484,2019-09-20,222,7147,1,0,1281,64,False,19,https://github.com/Anorov/PySocks
jupyterlab-pygments,48045168,2023-11-23,91,21958,1,0,81,13,False,7,https://github.com/jupyterlab/jupyterlab_pygments
vine,46464748,2023-11-05,58,18612,3,0,128,9,False,16,https://github.com/celery/vine
humanfriendly,46436829,2021-09-17,211,5474,1,0,350,34,False,118,https://github.com/xolox/python-humanfriendly
backports.tarfile,45821602,2024-05-28,18,0,1,0,5,3,False,4,https://github.com/jaraco/backports.tarfile
azure-common,43593920,2022-02-03,290,3540,3,0,5597,1117,False,33,https://github.com/Azure/azure-sdk-for-python
click-didyoumean,42800483,2024-03-24,52,6946,2,0,99,4,False,7,https://github.com/click-contrib/click-didyoumean
inflection,40651930,2020-08-22,315,28705,1,0,525,32,False,9,https://github.com/jpvanhal/inflection
strenum,40315558,2023-06-29,100,562,1,0,93,0,False,16,https://github.com/irgeek/StrEnum
uri-template,39590875,2023-06-21,49,8519,1,0,,,,5,
isoduration,39129618,2020-11-01,51,8138,1,0,31,13,False,1,https://github.com/bolsote/isoduration
passlib,38295841,2020-10-08,284,23897,1,0,,,,17,
fqdn,37870603,2021-03-11,58,8176,1,0,37,7,False,11,https://github.com/ypcrts/fqdn
filetype,37095926,2022-11-02,293,2400,1,0,629,48,False,22,https://github.com/h2non/filetype.py
notebook-shim,36872783,2024-02-14,59,6544,4,0,486,200,False,10,
outcome,36742764,2023-10-26,87,8144,1,0,36,4,False,8,https://github.com/python-trio/outcome
coloredlogs,36246397,2021-06-11,587,5458,1,0,558,37,False,63,https://github.com/xolox/python-coloredlogs
rfc3986-validator,34683655,2019-10-28,58,5387,1,0,4,3,False,2,https://github.com/naimetti/rfc3986-validator
graphql-relay,34023237,2022-04-16,11,5064,3,0,144,12,False,26,https://github.com/graphql-python/graphql-relay-py
tree-sitter-languages,33990968,2024-02-04,45,1,1,0,280,30,False,14,https://github.com/grantjenks/py-tree-sitter-languages
terminado,33105831,2024-03-12,94,56858,4,0,373,33,False,36,https://github.com/jupyter/terminado
entrypoints,32856905,2022-02-02,268,76029,1,0,77,5,False,7,https://github.com/takluyver/entrypoints
pytimeparse,32801821,2018-05-18,80,1078,1,0,299,16,False,10,https://github.com/wroberts/pytimeparse
events,31639749,2023-07-31,18,112,1,0,327,10,False,7,https://github.com/pyeve/events
python-magic,31355755,2022-06-07,485,9473,1,0,2917,27,False,28,https://github.com/ahupp/python-magic
overrides,30951155,2024-01-27,186,7659,2,0,270,15,False,43,https://github.com/mkorpela/overrides
ply,30577039,2018-02-15,259,17718,1,0,,,,15,
parsedatetime,30506135,2020-05-31,36,3023,2,0,711,70,False,17,https://github.com/bear/parsedatetime
html5lib,30231959,2020-06-22,419,46793,2,2,1223,104,False,27,https://github.com/html5lib/html5lib-python
hyperlink,29980695,2021-01-08,49,16965,4,0,297,42,False,12,https://github.com/python-hyper/hyperlink
adal,29695889,2021-04-05,63,2766,2,0,259,0,True,27,https://github.com/AzureAD/azure-activedirectory-library-for-python
oauth2client,29051052,2018-09-07,243,22092,2,0,793,2,True,44,https://github.com/google/oauth2client
seaborn,28420573,2024-01-25,3699,67011,1,0,14022,236,False,36,https://github.com/mwaskom/seaborn
pfzy,28369663,2022-01-28,33,113,1,0,12,1,False,8,https://github.com/kazhala/pfzy
astor,28269589,2019-12-10,172,26385,2,0,865,20,False,14,https://github.com/berkerpeksag/astor
appdirs,28132445,2020-05-11,1381,70456,1,0,1079,44,False,8,https://github.com/ActiveState/appdirs
ordered-set,27954926,2022-01-26,192,2854,3,0,231,17,False,18,https://github.com/rspeer/ordered-set
grpc-interceptor,27885734,2023-11-16,29,255,1,0,151,8,False,17,https://github.com/d5h-foss/grpc-interceptor
retry,27760675,2016-05-11,286,1900,1,0,756,48,False,15,https://github.com/invl/retry
rfc3986,27688223,2022-01-10,425,19655,2,0,182,15,False,18,https://github.com/python-hyper/rfc3986
pyrsistent,27362484,2023-10-25,406,73165,1,0,2200,39,False,75,https://github.com/tobgu/pyrsistent
python-http-client,27142445,2022-03-09,5,3068,1,0,126,5,False,32,https://github.com/sendgrid/python-http-client
lockfile,27031056,2015-11-25,108,12989,1,0,,,,5,
olefile,26681498,2023-12-01,51,22826,1,0,273,67,False,10,https://github.com/decalage2/olefile
diskcache,26555692,2023-08-31,326,2500,1,1,2904,76,False,84,https://github.com/grantjenks/python-diskcache
catalogue,26253148,2023-09-25,60,5171,3,0,183,6,False,25,https://github.com/explosion/catalogue
pytest-metadata,26228752,2024-02-12,33,2668,2,0,71,12,False,21,https://github.com/pytest-dev/pytest-metadata
aws-requests-auth,25864253,2020-05-27,32,317,1,0,509,22,False,15,https://github.com/davidmuller/aws-requests-auth
strictyaml,25188807,2023-03-10,148,505,1,0,1626,105,False,83,https://github.com/crdoconnor/strictyaml
texttable,24218170,2023-10-03,130,6338,1,0,347,0,False,29,https://github.com/foutaise/texttable
mergedeep,23863491,2021-02-05,104,3987,1,0,161,12,False,13,https://github.com/clarketm/mergedeep
socksio,23636168,2020-04-17,26,791,2,0,57,9,False,4,https://github.com/sethmlarson/socksio
gcloud-aio-bigquery,23577382,2024-02-16,5,13,2,0,348,41,False,31,https://github.com/talkiq/gcloud-aio
userpath,23409358,2024-02-29,11,257,1,0,168,19,False,14,https://github.com/ofek/userpath
pytest-runner,23269459,2023-12-04,426,6128,1,0,56,0,True,47,https://github.com/pytest-dev/pytest-runner
wasabi,22633535,2024-05-31,80,7559,2,0,471,5,False,42,https://github.com/explosion/wasabi
partd,22627625,2024-05-06,37,8060,4,0,107,11,False,22,https://github.com/dask/partd
types-urllib3,22460637,2023-07-20,102,5659,1,0,5118,372,False,40,https://github.com/python/typeshed
requests-mock,22007239,2024-03-29,840,6998,1,0,465,67,False,27,https://github.com/jamielennox/requests-mock
flask-login,21976886,2023-10-30,113,8547,3,0,3675,19,False,25,https://github.com/maxcountryman/flask-login
spacy-legacy,21770577,2024-01-25,27,4746,2,0,,,,16,
google-pasta,21609414,2020-03-13,92,24151,2,0,359,15,True,10,https://github.com/google/pasta
shortuuid,21262932,2024-03-11,223,5639,2,0,2198,0,False,25,https://github.com/skorokithakis/shortuuid
sshtunnel,20991234,2021-01-11,118,1287,2,0,1297,81,False,28,https://github.com/pahaz/sshtunnel
py-cpuinfo,20475186,2022-10-25,235,4413,1,0,344,52,False,27,https://github.com/workhorsy/py-cpuinfo
sphinxcontrib-serializinghtml,20153618,2024-07-29,172,22410,1,0,3,3,False,12,https://github.com/sphinx-doc/sphinxcontrib-serializinghtml
pdf2image,19569706,2024-01-07,195,2760,1,0,1982,83,False,46,https://github.com/Belval/pdf2image
alabaster,19508660,2024-07-26,195,34587,1,0,778,72,False,30,https://github.com/sphinx-doc/alabaster
flask-sqlalchemy,19366295,2023-09-11,153,18171,1,0,4170,16,False,35,https://github.com/pallets-eco/flask-sqlalchemy
pydub,19272750,2021-03-10,497,7152,1,0,,,,67,
sphinxcontrib-htmlhelp,19084462,2024-07-29,165,21968,1,0,2,12,False,12,https://github.com/sphinx-doc/sphinxcontrib-htmlhelp
sphinxcontrib-devhelp,19057303,2024-07-29,162,21950,2,0,4,7,False,8,https://github.com/sphinx-doc/sphinxcontrib-devhelp
spacy-loggers,18917993,2023-09-11,26,3006,1,0,12,1,False,6,https://github.com/explosion/spacy-loggers
msrestazure,18646189,2024-04-10,164,2272,3,0,19,0,True,52,https://github.com/Azure/msrestazure-for-python
pytesseract,18636852,2024-08-16,352,4542,1,0,6382,21,False,28,https://github.com/madmaze/pytesseract
bs4,18580108,2024-01-17,1491,42503,1,0,,,,3,
docopt,18458076,2014-06-16,680,34985,1,0,8007,267,False,11,https://github.com/docopt/docopt
sphinxcontrib-qthelp,18439630,2024-07-29,162,21955,1,0,2,4,False,10,https://github.com/sphinx-doc/sphinxcontrib-qthelp
sphinxcontrib-applehelp,18432330,2024-07-29,155,21914,1,0,3,5,False,10,https://github.com/sphinx-doc/sphinxcontrib-applehelp
sphinxcontrib-jsmath,17760582,2019-01-21,155,21986,2,0,,,,2,
natsort,17718477,2023-06-20,527,5419,1,0,1012,8,False,59,https://github.com/SethMMorton/natsort
scantree,17680599,2024-08-03,3,23,1,0,16,2,False,6,https://github.com/andhus/scantree
oscrypto,17643895,2022-03-18,41,1480,1,0,342,19,False,24,https://github.com/wbond/oscrypto
cligj,17222392,2021-05-28,30,3522,3,0,37,11,False,10,https://github.com/mapbox/cligj
tensorboard-data-server,17081103,2023-10-23,100,13536,1,0,6702,685,False,10,https://github.com/tensorflow/tensorboard
jupyter-console,16486252,2023-03-06,69,37440,9,0,250,71,False,26,
locket,16317996,2022-04-20,38,8556,1,0,26,3,False,5,https://github.com/mwilliamson/locket.py
uuid7,16016740,2021-12-29,13,145,1,0,132,4,False,1,https://github.com/stevesimmons/uuid7
pypdf2,15876840,2022-12-31,160,1626,1,0,10202,132,False,66,https://github.com/py-pdf/PyPDF2
ipdb,15493968,2023-03-09,411,20323,2,0,1975,81,False,46,https://github.com/gotcha/ipdb
grpcio-gcp,15472152,2018-09-10,8,439,1,0,,,,4,
parameterized,15456665,2023-03-27,291,4135,1,0,857,47,False,11,https://github.com/wolever/parameterized
python-snappy,15444860,2024-08-29,86,1086,2,0,490,31,False,19,https://github.com/intake/python-snappy
opencensus-context,15335778,2022-08-03,5,731,4,0,676,217,True,5,https://github.com/census-instrumentation/opencensus-python
screeninfo,15021853,2022-09-09,127,548,1,0,241,31,False,21,https://github.com/rr-/screeninfo
types-pyopenssl,14924410,2024-07-22,10,1282,1,0,5118,372,False,48,https://github.com/python/typeshed
opencensus,14621910,2024-01-03,33,1282,4,0,676,218,True,41,https://github.com/census-instrumentation/opencensus-python
argparse,14540208,2015-09-14,989,42207,2,0,57,0,True,19,https://github.com/ThomasWaldmann/argparse
backcall,14410162,2020-06-09,172,79510,1,0,19,0,False,2,https://github.com/takluyver/backcall
jsonlines,14385499,2023-09-01,167,3243,1,0,303,4,False,11,https://github.com/wbolster/jsonlines
ghp-import,14183415,2022-05-02,82,5368,2,0,626,4,False,33,https://github.com/c-w/ghp-import
slicer,14027575,2024-03-09,21,826,1,0,37,3,False,8,https://github.com/interpretml/slicer
pip-requirements-parser,13908365,2022-12-21,23,519,3,0,20,18,False,6,https://github.com/nexB/pip-requirements-parser
constantly,13852074,2023-10-28,27,17374,2,0,24,5,False,4,https://github.com/twisted/constantly
pyserial,13845151,2020-11-23,1056,20563,1,0,3571,341,False,17,https://github.com/pyserial/pyserial
smdebug-rulesconfig,13602033,2020-12-18,2,112,1,0,8,8,False,8,https://github.com/awslabs/sagemaker-debugger-rulesconfig
requests-ntlm,13463672,2024-06-09,58,1607,5,0,345,25,False,14,https://github.com/requests/requests-ntlm
fuzzywuzzy,13437987,2020-02-13,274,5127,1,0,9219,107,True,27,https://github.com/seatgeek/fuzzywuzzy
cairocffi,13403612,2024-06-18,49,4034,2,0,211,18,False,35,https://github.com/Kozea/cairocffi
jupyter,13401941,2024-08-30,1539,56257,8,0,,,,4,
paginate,13369683,2024-08-25,11,539,3,0,79,1,False,13,https://github.com/Signum/paginate
pickleshare,13313230,2018-09-25,221,96320,4,0,73,7,False,12,https://github.com/pickleshare/pickleshare
pytzdata,13309020,2020-07-13,26,3452,1,0,19,10,False,22,https://github.com/sdispater/pytzdata
libclang,13219955,2024-06-30,96,6073,1,0,101,23,False,16,https://github.com/sighingnow/libclang
oldest-supported-numpy,13188932,2023-12-21,6,148,3,0,57,1,False,28,https://github.com/scipy/oldest-supported-numpy
mkdocs-material-extensions,13100499,2023-11-22,182,4588,1,0,37,0,False,11,https://github.com/facelessuser/mkdocs-material-extensions
ratelimit,12915288,2018-12-17,111,633,1,0,832,32,False,11,https://github.com/tomasbasham/ratelimit
pkgutil_resolve_name,12797218,2021-07-21,8,1348,1,0,2,3,False,4,https://github.com/graingert/pkgutil-resolve-name
statsd,12765358,2022-11-06,59,3439,1,0,553,8,False,24,https://github.com/jsocol/pystatsd
jaydebeapi,12595000,2020-06-12,19,98,1,0,382,143,False,15,https://github.com/baztian/jaydebeapi
swifter,12378045,2023-07-31,21,191,1,0,2635,26,False,86,https://github.com/jmcarpenter2/swifter
ansicolors,12319244,2017-06-02,55,466,2,0,35,2,False,7,https://github.com/jonathaneunice/colors
flask-session,12050213,2024-03-26,38,658,1,0,505,23,False,18,https://github.com/pallets-eco/flask-session
sphinxcontrib-jquery,11967600,2023-03-14,94,1720,1,0,12,8,False,5,https://github.com/sphinx-contrib/jquery
toposort,11823020,2023-02-27,87,3541,1,0,4,3,False,12,https://gitlab.com/ericvsmith/toposort
pyxlsb,11666663,2022-10-14,25,176,1,0,96,14,False,10,https://github.com/willtrnr/pyxlsb
junit-xml,11523793,2023-01-24,44,3950,1,0,113,32,False,10,https://github.com/kyrus/python-junit-xml
dpath,11509798,2024-06-12,78,1028,4,0,628,25,False,54,https://github.com/dpath-maintainers/dpath-python
pysftp,11437763,2016-07-06,91,854,1,0,,,,9,https://bitbucket.org/dundeemt/pysftp
databricks-cli,11415295,2023-10-05,56,1640,2,0,397,0,True,53,https://github.com/databricks/databricks-cli
chevron,11335887,2021-01-02,64,681,1,0,478,39,False,28,https://github.com/noahmorrison/chevron
pytest-json-report,11334411,2022-03-15,34,472,1,0,153,17,False,24,https://github.com/numirias/pytest-json-report
bashlex,11224971,2023-01-18,11,79,1,0,649,38,False,16,https://github.com/idank/bashlex
opentelemetry-propagator-aws-xray,11138039,2024-08-05,8,54,1,0,1089,637,False,3,https://github.com/open-telemetry/opentelemetry-python-contrib
astunparse,11084117,2019-12-22,230,15598,1,0,230,25,False,11,https://github.com/simonpercivall/astunparse
netaddr,11076086,2024-05-28,227,11329,2,0,831,42,False,40,https://github.com/netaddr/netaddr
expiringdict,11024164,2022-06-21,34,504,2,0,,,,9,
docker-pycreds,10937581,2018-11-29,27,6345,2,0,7,6,False,7,https://github.com/shin-/dockerpy-creds
monotonic,10616953,2021-08-11,114,5757,1,0,65,0,True,13,https://github.com/atdt/monotonic
prison,10446040,2021-08-26,8,1042,1,0,24,0,False,6,https://github.com/betodealmeida/python-rison
thrift-sasl,10285140,2021-05-26,40,577,9,0,18,3,False,10,https://github.com/cloudera/thrift_sasl
contextlib2,10236364,2021-06-27,121,17638,3,0,39,4,False,14,https://github.com/jazzband/contextlib2
rouge-score,10176264,2022-07-22,116,2006,3,0,38705,1990,False,9,https://github.com/google-research/google-research
langdetect,10156099,2021-05-07,183,1998,1,0,1904,71,False,11,https://github.com/Mimino666/langdetect
keyrings.google-artifactregistry-auth,10105817,2023-03-01,8,28,2,0,23,16,False,7,https://github.com/GoogleCloudPlatform/artifact-registry-python-tools
asgi-lifespan,10001516,2023-03-28,18,2107,1,0,277,7,False,15,https://github.com/florimondmanca/asgi-lifespan
pywin32-ctypes,9960467,2024-08-14,156,10096,2,0,23,14,False,8,https://github.com/enthought/pywin32-ctypes
pep517,9900178,2023-11-08,99,8283,3,0,129,19,False,16,https://github.com/pypa/pep517
user-agents,9885122,2020-08-23,71,1803,1,0,1513,47,False,12,https://github.com/selwin/python-user-agents
azure-mgmt-datalake-store,9759033,2023-02-16,12,615,3,0,5597,1117,False,14,https://github.com/Azure/azure-sdk-for-python
azure-keyvault,9651190,2022-03-29,44,964,4,0,4598,945,False,17,https://github.com/Azure/azure-sdk-for-python
pprintpp,9600702,2018-07-01,36,1091,1,0,413,11,False,10,https://github.com/wolever/pprintpp
iso8601,9564714,2023-10-03,259,8615,1,0,35,10,False,25,https://github.com/micktwomey/pyiso8601
marshmallow-enum,9451647,2019-08-21,117,5260,1,0,,,,6,
flask-babel,9387179,2023-10-02,63,1388,3,0,429,13,False,18,https://github.com/python-babel/flask-babel
xlwt,9330803,2017-08-22,190,19334,2,0,,,,11,
pytest-base-url,9304297,2024-01-31,5,741,2,0,39,3,False,9,https://github.com/pytest-dev/pytest-base-url
methodtools,9156848,2024-08-23,33,69,1,0,84,10,False,10,https://github.com/youknowone/methodtools
pycrypto,9057820,2014-06-20,201,30404,2,4,,,,13,
cobble,8858283,2024-06-01,1,46,1,0,6,2,False,5,https://github.com/mwilliamson/python-cobble
paho-mqtt,8812888,2024-04-29,463,7228,2,0,2172,97,False,22,
easygui,8808693,2022-04-01,42,558,4,0,468,97,False,11,https://github.com/robertlugg/easygui
thefuzz,8754165,2024-01-19,121,268,1,0,3646,47,False,4,https://github.com/seatgeek/thefuzz
python3-saml,8752652,2023-10-09,30,1012,2,0,756,55,False,28,https://github.com/SAML-Toolkits/python3-saml
ffmpeg-python,8743811,2019-07-06,327,5000,1,0,9952,508,False,20,https://github.com/kkroening/ffmpeg-python
geomet,8724999,2023-11-14,17,799,1,0,176,7,False,9,https://github.com/geomet/geomet
inquirerpy,8716920,2022-06-27,115,139,1,0,479,44,False,14,https://github.com/kazhala/InquirerPy
avro-python3,8677042,2021-03-17,37,742,8,0,3063,158,False,12,
python-decouple,8581241,2023-03-01,262,25556,1,0,3039,22,False,12,https://github.com/henriquebastos/python-decouple
jinja2-humanize-extension,8558634,2023-09-01,1,3,2,0,6,0,False,8,https://github.com/metwork-framework/jinja2_humanize_extension
pytest-icdiff,8470029,2023-12-05,32,279,2,0,329,11,False,12,https://github.com/hjwp/pytest-icdiff
azure-nspkg,8338434,2018-10-02,33,1689,3,0,5593,1124,False,7,https://github.com/Azure/azure-sdk-for-python
azure-storage-common,8291589,2019-08-02,31,1275,2,0,343,86,False,11,https://github.com/Azure/azure-storage-python
oletools,8285444,2024-07-02,5,258,1,0,3412,518,False,43,https://github.com/decalage2/oletools
jsondiff,8258517,2024-08-29,49,1830,1,0,748,23,False,14,https://github.com/xlwings/jsondiff
detect-secrets,8240727,2024-05-06,40,276,3,0,4633,178,False,38,https://github.com/Yelp/detect-secrets
addict,8053472,2020-11-21,134,2026,1,0,2545,27,False,31,https://github.com/mewwts/addict
dirhash,8037651,2024-08-03,13,47,1,0,61,10,False,9,https://github.com/andhus/dirhash-python
publication,7912243,2019-01-15,1055,379,3,0,43,4,False,3,https://github.com/glyph/publication
dirtyjson,7880713,2022-11-28,20,12,1,0,49,2,False,6,https://github.com/codecobblers/dirtyjson
rank-bm25,7859544,2022-02-16,69,345,1,0,1381,28,False,4,https://github.com/dorianbrown/rank_bm25
pytest-custom-exit-code,7830792,2019-08-07,29,151,1,0,28,1,False,6,https://github.com/yashtodi94/pytest-custom_exit_code
protobuf3-to-dict,7812583,2017-02-23,10,239,1,0,74,3,False,6,https://github.com/kaporzhu/protobuf-to-dict
asynctest,7765316,2019-05-14,124,3865,1,0,310,50,False,21,https://github.com/Martiusweb/asynctest
python3-openid,7759558,2020-06-29,17,37439,1,0,46,10,False,13,https://github.com/necaris/python3-openid
schedule,7707980,2024-06-18,213,5478,2,0,11525,157,False,27,https://github.com/dbader/schedule
pgpy,7595569,2022-11-24,14,94,3,0,344,154,False,15,https://github.com/SecurityInnovation/PGPy
pcodedmp,7496987,2019-07-30,1,307,1,0,491,3,False,4,https://github.com/bontchev/pcodedmp
click-default-group,7484123,2023-08-04,119,949,1,0,78,14,False,7,https://github.com/click-contrib/click-default-group
enum34,7414117,2020-03-10,645,25590,1,0,,,,30,https://bitbucket.org/stoneleaf/enum34
pefile,7390786,2024-08-26,117,7054,2,0,2065,62,False,15,https://github.com/erocarrera/pefile
pypng,7312100,2022-07-15,72,2960,1,0,8,12,False,22,https://gitlab.com/drj11/pypng
func-timeout,7293108,2019-08-19,76,366,1,0,327,15,False,12,https://github.com/kata198/func_timeout
nose,7282743,2015-06-02,732,72099,3,0,1361,452,False,14,https://github.com/nose-devs/nose
sgmllib3k,7252421,2010-08-24,28,2388,1,0,,,,1,
flexcache,7166478,2024-03-09,0,1,1,0,6,3,False,3,https://github.com/hgrecco/flexcache
pyhcl,7065806,2023-09-01,22,233,1,0,341,12,False,40,https://github.com/virtuald/pyhcl
tensorflow-estimator,6997456,2023-11-07,115,24111,2,0,297,7,True,47,https://github.com/tensorflow/estimator
crcmod,6992834,2010-07-20,92,2563,3,0,,,,6,
inputimeout,6990959,2018-03-02,12,54,1,0,,,,7,https://github.com/johejo/inutimeout
dataclasses,6972391,2020-11-13,1111,15152,1,0,593,9,False,8,https://github.com/ericvsmith/dataclasses
azure-mgmt-datalake-nspkg,6970529,2018-10-17,9,499,3,0,5590,1136,False,4,https://github.com/Azure/azure-sdk-for-python
construct,6949533,2023-11-29,131,2199,3,0,1017,36,False,76,https://github.com/construct/construct
pympler,6870265,2024-06-28,80,1888,2,0,1411,72,False,18,https://github.com/pympler/pympler
polib,6784641,2023-02-23,69,2957,1,0,135,47,False,30,https://github.com/izimobil/polib
priority,6773791,2021-06-27,16,1804,3,1,29,1,False,9,https://github.com/python-hyper/priority
applicationinsights,6726975,2021-04-22,16,809,1,0,142,7,False,22,https://github.com/Microsoft/ApplicationInsights-Python
apache-airflow-microsoft-fabric-plugin,6660174,2024-09-09,0,0,1,0,3,3,False,5,https://github.com/ambika-garg/apache-airflow-microsoft-fabric-plugin
enum-compat,6658910,2019-10-14,37,2668,1,0,4,1,False,3,https://github.com/jstasiak/enum-compat
slackclient,6630880,2022-04-22,92,5752,6,0,4012,56,False,52,https://github.com/slackapi/python-slack-sdk
json-rpc,6549009,2023-06-11,16,844,1,0,490,24,False,49,https://github.com/pavlov99/json-rpc
types-python-slugify,6519339,2024-03-10,21,554,1,0,5118,372,False,18,https://github.com/python/typeshed
pyhumps,6379922,2022-10-21,142,485,2,0,352,17,False,36,https://github.com/nficano/humps
multivolumefile,6274156,2021-04-29,6,104,1,0,10,0,False,11,https://github.com/miurahr/multivolume
unicodecsv,6236160,2015-09-22,90,13049,1,0,595,26,False,11,https://github.com/jdunck/python-unicodecsv
nanoid,6229885,2018-11-20,42,181,1,0,512,15,False,4,https://github.com/puyuan/py-nanoid
opsgenie-sdk,6202902,2021-08-02,9,73,3,0,50,19,False,19,https://github.com/opsgenie/opsgenie-python-sdk
ifaddr,6113175,2022-06-15,64,1279,2,0,91,14,False,10,https://github.com/pydron/ifaddr
stringcase,6087509,2017-08-06,134,2021,1,0,209,33,False,7,https://github.com/okunishinishi/python-stringcase
azure-synapse-spark,6082159,2021-10-05,6,112,2,0,5597,1117,False,6,https://github.com/Azure/azure-sdk-for-python
subprocess-tee,6075856,2024-06-17,16,682,2,0,63,16,False,18,https://github.com/pycontribs/subprocess-tee
pastel,6045958,2020-09-16,7,2191,1,0,54,4,False,4,https://github.com/sdispater/pastel
betterproto,6025681,2024-08-14,75,221,3,0,1769,179,False,16,https://github.com/danielgtaylor/python-betterproto
clickclick,5981910,2020-10-03,18,1666,1,0,0,1,False,23,
pyhive,5977607,2023-08-17,30,539,4,0,1693,222,False,28,https://github.com/dropbox/PyHive
simple-gcp-object-downloader,5922131,2022-08-02,0,0,1,0,,,,1,
pinecone-plugin-interface,5856289,2024-06-05,0,0,1,0,,,,6,https://github.com/pinecone-io/python-plugin-interface
marshmallow-dataclass,5786936,2024-09-12,62,508,1,0,475,56,False,74,https://github.com/lovasoa/marshmallow_dataclass
terminaltables,5775350,2021-12-07,137,5134,1,0,48,2,False,17,https://github.com/matthewdeanmartin/terminaltables
github3.py,5749874,2023-04-26,46,942,3,0,1257,74,False,53,https://github.com/sigmavirus24/github3.py
hjson,5741676,2022-08-13,51,2221,3,0,221,12,False,22,https://github.com/hjson/hjson-py
backports.strenum,5647512,2023-12-09,13,12,1,0,8,1,False,6,https://github.com/clbarnes/backports.strenum
radon,5641978,2023-03-26,99,1352,1,0,2018,52,False,55,https://github.com/rubik/radon
ndg-httpsclient,5569317,2018-07-23,36,5249,1,0,19,5,False,13,https://github.com/cedadev/ndg_httpsclient
azure-mgmt-synapse,5438653,2023-02-16,3,86,2,0,5597,1117,False,18,https://github.com/Azure/azure-sdk-for-python
django-ipware,5427625,2024-04-19,55,2213,1,0,1062,8,False,44,https://github.com/un33k/django-ipware
pathlib,5360526,2022-05-04,602,7828,1,0,,,,11,https://bitbucket.org/pitrou/pathlib
stanio,5312142,2024-07-08,3,1,1,0,3,2,False,6,https://github.com/stan-dev/stanio
versioneer,5162795,2023-07-07,105,460,4,0,1092,58,False,21,https://github.com/python-versioneer/python-versioneer
publicsuffix2,5130623,2019-12-21,13,315,2,0,31,11,False,13,https://github.com/nexb/python-publicsuffix2
presto-python-client,5129821,2023-09-07,18,506,2,0,244,48,False,14,https://github.com/prestodb/presto-python-client
pure-sasl,5061485,2019-10-14,14,311,2,0,39,13,False,16,https://github.com/thobbs/pure-sasl
boto,5012675,2018-07-11,142,45437,2,0,6415,1117,True,121,https://github.com/boto/boto
ddsketch,5009914,2024-04-01,6,85,2,0,92,6,False,9,https://github.com/DataDog/sketches-py
interegular,4966016,2024-01-06,9,1,1,0,5,2,False,14,https://github.com/MegaIng/interegular
probableparsing,4906599,2016-12-19,2,104,2,0,6,5,False,1,https://github.com/datamade/probableparsing
atomicwrites,4894311,2022-07-09,131,67378,1,0,321,5,True,18,https://github.com/untitaker/python-atomicwrites
django-model-utils,4847782,2024-09-04,129,8920,2,0,2759,124,False,43,https://github.com/jazzband/django-model-utils
azure-devops,4788210,2023-11-20,20,155,5,0,684,156,False,25,https://github.com/microsoft/azure-devops-python-api
querystring-parser,4719947,2020-10-21,20,1296,3,0,143,5,False,7,https://github.com/bernii/querystring-parser
backports.zoneinfo,4716669,2020-06-23,141,12473,1,0,55,24,False,5,https://github.com/pganssle/zoneinfo
colorclass,4706241,2021-12-09,24,1160,1,0,6,0,True,13,https://github.com/matthewdeanmartin/colorclass
jieba,4665981,2020-01-20,238,4190,1,0,35144,700,False,32,https://github.com/fxsjy/jieba
ipython_genutils,4645223,2017-03-13,10,1515,5,0,,,,2,
premailer,4641189,2021-08-02,41,1333,1,0,1082,73,False,66,https://github.com/peterbe/premailer
sly,4580666,2022-10-25,278,216,1,0,861,46,True,6,https://github.com/dabeaz/sly
async-property,4573378,2023-07-03,20,53,1,0,99,7,False,8,https://github.com/ryananguiano/async_property
pyte,4549550,2023-11-12,25,193,1,0,749,59,False,18,https://github.com/selectel/pyte
memory-profiler,4543344,2022-11-15,164,1503,2,0,4314,134,False,58,https://github.com/pythonprofilers/memory_profiler
fixedint,4536566,2022-09-16,1,28,1,0,29,2,False,8,https://github.com/nneonneo/fixedint
magicattr,4526873,2022-01-25,5,3,1,0,18,2,False,7,https://github.com/frmdstryr/magicattr
pytest-dotenv,4526128,2020-06-16,85,1634,1,0,210,14,True,9,https://github.com/quiqua/pytest-dotenv
google,4525816,2020-07-11,114,3757,1,0,,,,5,
configupdater,4508370,2023-11-27,25,140,3,0,75,9,False,25,https://github.com/pyscaffold/configupdater
pywinrm,4476935,2024-07-16,19,1165,4,0,1137,54,False,20,https://github.com/diyan/pywinrm
pydocstyle,4456660,2023-01-17,679,17607,2,0,1116,121,True,23,https://github.com/PyCQA/pydocstyle
aiomultiprocess,4434042,2024-04-23,19,248,1,0,1926,49,False,11,https://github.com/omnilib/aiomultiprocess
odfpy,4417217,2020-01-18,71,4184,2,0,366,85,False,11,https://github.com/eea/odfpy
pysbd,4408065,2021-02-11,32,137,1,0,927,33,False,15,
cloudscraper,4350723,2023-04-25,98,3120,1,0,6718,36,False,78,https://github.com/venomous/cloudscraper
aliyun-python-sdk-kms,4300520,2024-08-30,10,233,1,0,,,,25,
sphinx-copybutton,4272899,2023-04-14,1552,6866,2,0,269,48,False,30,https://github.com/executablebooks/sphinx-copybutton
azure-mgmt-nspkg,4262368,2018-10-02,154,982,3,0,4433,970,False,7,https://github.com/Azure/azure-sdk-for-python
lxml-stubs,4233893,2024-01-10,41,251,2,0,51,0,True,7,https://github.com/lxml/lxml-stubs
pathlib2,4230552,2022-02-10,198,15652,2,0,86,7,False,14,https://github.com/jazzband/pathlib2
typing,4213122,2021-05-01,947,16192,8,0,1783,229,False,15,https://github.com/python/typing
tensorflow-io-gcs-filesystem,4172986,2024-07-01,105,5470,3,0,739,306,False,23,https://github.com/tensorflow/io
multipledispatch,4159509,2023-06-27,115,7367,4,0,847,66,False,16,https://github.com/mrocklin/multipledispatch
donfig,4150764,2024-05-23,16,17,4,1,42,4,False,13,https://github.com/pytroll/donfig
google-cloud,4144515,2018-07-30,54,1999,2,0,5376,510,False,21,https://github.com/GoogleCloudPlatform/google-cloud-python
hdfs,4120767,2023-10-13,36,952,1,0,275,23,False,81,https://github.com/mtth/hdfs
multi_key_dict,4112375,2015-09-20,0,21,1,0,30,8,False,14,https://github.com/formiaczek/multi_key_dict
click-log,4091527,2022-03-13,125,1064,1,0,109,13,False,14,https://github.com/click-contrib/click-log
hmsclient,4052263,2018-04-24,7,229,1,0,20,5,False,4,https://github.com/gglanzani/hmsclient
intelhex,4043546,2020-10-20,36,802,2,0,230,31,False,6,https://github.com/python-intelhex/intelhex
types-pillow,3993452,2024-08-22,39,678,1,0,5120,341,False,98,https://github.com/python/typeshed
freetype-py,3990987,2024-08-29,41,670,3,0,338,49,False,34,https://github.com/rougier/freetype-py
argparse-addons,3952999,2023-01-29,5,10,1,0,3,2,False,11,https://github.com/eerimoq/argparse_addons
quickjs,3940362,2023-11-19,11,20,2,0,205,36,True,38,https://github.com/PetterS/quickjs
pyaes,3905379,2017-09-20,137,1961,1,0,472,30,False,9,https://github.com/ricmoo/pyaes
cem,3894916,2023-10-12,0,1,1,0,28,8,False,12,https://github.com/lewisbails/cem
azure-synapse-managedprivateendpoints,3878809,2021-08-10,1,39,2,0,4598,945,False,4,https://github.com/Azure/azure-sdk-for-python
cleanco,3832190,2024-05-15,8,22,1,0,361,16,False,8,https://github.com/psolin/cleanco
yandex-query-client,3831467,2024-05-10,1,0,1,0,2,0,False,5,https://github.com/yandex-cloud/yandex-query-client
pytest-instafail,3806529,2023-03-31,51,1035,1,0,147,3,False,9,https://github.com/pytest-dev/pytest-instafail
base58,3801538,2021-10-30,208,6980,1,0,186,2,False,16,https://github.com/keis/base58
zict,3795969,2023-04-17,33,7912,2,0,,,,13,
keras-applications,3793588,2019-05-30,18,2374,1,0,1991,61,True,8,https://github.com/keras-team/keras-applications
bc-jsonpath-ng,3789348,2023-11-26,8,45,2,0,8,5,False,5,https://github.com/bridgecrewio/jsonpath-ng
mpire,3766896,2024-05-07,25,23,1,0,2064,18,False,26,https://github.com/sybrenjansen/mpire
djangorestframework-csv,3754714,2023-12-12,6,525,1,0,368,32,False,15,https://github.com/mjumbewu/django-rest-framework-csv
accessible-pygments,3750961,2024-05-10,9,538,1,0,27,12,False,5,https://github.com/Quansight-Labs/accessible-pygments
azure-synapse-accesscontrol,3744043,2021-08-10,1,58,2,0,5593,1124,False,6,https://github.com/Azure/azure-sdk-for-python
python-ipware,3681406,2024-04-19,2,3,1,0,39,0,False,10,https://github.com/un33k/python-ipware
azure-cli-telemetry,3663775,2023-08-01,3,294,2,0,4617,3990,False,11,https://github.com/Azure/azure-cli
pykwalify,3663287,2020-12-30,37,1493,1,0,297,19,False,13,https://github.com/grokzen/pykwalify
redis-py-cluster,3649131,2021-05-30,29,742,1,0,1095,31,True,19,https://github.com/grokzen/redis-py-cluster
checkdigit,3642637,2023-04-09,0,3,1,0,33,11,False,16,https://github.com/harens/checkdigit
pytest-timeouts,3637627,2019-09-21,8,84,2,0,12,4,False,6,https://github.com/Scony/pytest-timeouts
testing.common.database,3637178,2017-10-23,1,168,1,0,6,3,False,6,https://github.com/tk0miya/testing.common.database
ipaddress,3633693,2019-10-18,193,15319,1,0,111,16,False,22,https://github.com/phihag/ipaddress
timeout-decorator,3628624,2020-11-15,84,1155,1,0,638,43,False,10,https://github.com/pnpnpn/timeout-decorator
jdcal,3613089,2019-04-24,26,16821,2,0,38,2,False,5,https://github.com/phn/jdcal
minimal-snowplow-tracker,3585646,2018-10-13,3,475,1,0,,,,2,
async_generator,3540202,2018-08-01,14,1165,1,0,104,10,False,12,https://github.com/python-trio/async_generator
gspread-dataframe,3538682,2024-06-12,11,391,1,0,262,4,False,25,https://github.com/robin900/gspread-dataframe
easydict,3538538,2024-03-04,166,5143,6,0,271,26,False,13,https://github.com/makinacorpus/easydict
palettable,3536506,2023-04-19,65,1461,1,0,770,20,False,11,https://github.com/jiffyclub/palettable
devtools,3495442,2023-09-03,71,421,1,0,1077,33,False,18,https://github.com/samuelcolvin/python-devtools
braceexpand,3450234,2021-05-07,40,597,1,0,61,2,False,8,https://github.com/trendels/braceexpand
pyhamcrest,3448225,2023-10-22,51,1963,3,0,804,28,False,24,https://github.com/hamcrest/PyHamcrest
suds-community,3417195,2024-08-24,12,59,1,0,191,13,False,16,https://github.com/suds-community/suds
pdfrw,3404790,2017-09-18,25,1188,4,0,1909,137,False,4,https://github.com/pmaupin/pdfrw
typed-ast,3337121,2023-07-04,153,66523,6,2,234,1,True,35,https://github.com/python/typed_ast
wget,3294514,2015-10-22,477,10081,1,0,,,,16,https://bitbucket.org/techtonik/python-wget
json-logic,3280008,2017-03-31,0,5,1,0,226,23,False,3,https://github.com/nadirizr/json-logic-py
python-xlib,3266609,2022-12-25,38,1328,4,0,464,88,False,19,https://github.com/python-xlib/python-xlib
pymemcache,3255605,2022-10-17,49,888,2,0,841,37,False,55,https://github.com/pinterest/pymemcache
testing.postgresql,3250840,2016-02-04,18,322,1,0,293,27,False,14,https://github.com/tk0miya/testing.postgresql
salesforce-bulk,3241717,2020-11-12,2,36,3,0,214,27,False,15,https://github.com/heroku/salesforce-bulk
flatten-json,3225833,2023-10-27,29,152,1,0,539,41,False,11,https://github.com/amirziai/flatten
requests-auth-aws-sigv4,3217065,2021-02-16,10,14,1,0,35,6,False,5,https://github.com/andrewjroth/requests-auth-aws-sigv4
magic-filter,3186439,2023-10-01,11,1520,2,0,31,0,False,18,https://github.com/aiogram/magic-filter
pdfkit,3179859,2021-11-14,78,1989,1,1,1987,39,False,9,https://github.com/JazzCore/python-pdfkit
influxdb,3176837,2024-04-18,87,3504,4,0,1692,168,True,55,https://github.com/influxdb/influxdb-python
flask-restful,3161928,2023-05-21,116,4168,8,0,6915,145,False,33,https://github.com/flask-restful/flask-restful
jinja2-simple-tags,3156905,2024-03-06,15,67,1,0,39,1,False,13,https://github.com/dldevinc/jinja2-simple-tags
vertica-python,3106248,2024-07-22,17,428,6,0,386,14,False,83,https://github.com/vertica/vertica-python
rfc3987,3098253,2018-07-29,51,1399,1,0,46,0,True,11,https://github.com/dgerber/rfc3987
funcsigs,3097426,2016-04-25,79,10926,3,0,8,8,False,7,https://github.com/testing-cabal/funcsigs
promise,3089479,2019-12-18,36,9252,2,0,367,39,False,26,https://github.com/syrusakbary/promise
hatch-requirements-txt,3056912,2024-01-24,3,1,1,0,40,11,False,6,https://github.com/repo-helper/hatch-requirements-txt
dynamodb-json,3053293,2024-05-18,5,55,1,0,169,5,False,7,https://github.com/Alonreznik/dynamodb-json
portpicker,3031001,2023-08-15,45,1643,3,0,149,3,True,14,https://github.com/google/python_portpicker
resampy,3017679,2024-03-05,74,3118,1,0,282,5,False,24,https://github.com/bmcfee/resampy
sphinx-jinja,3003682,2022-07-05,87,280,1,0,30,10,False,16,https://github.com/tardyp/sphinx-jinja
lark-parser,2995221,2021-08-30,111,973,1,0,5979,157,False,66,https://github.com/lark-parser/lark
aws-psycopg2,2989901,2022-07-02,3,68,1,0,80,6,False,11,https://github.com/AbhimanyuHK/aws-psycopg2
pytube,2951738,2023-05-07,183,3075,3,0,13172,769,False,86,https://github.com/pytube/pytube
googlemaps,2915663,2023-01-26,26,3482,2,0,4978,75,False,50,https://github.com/googlemaps/google-maps-services-python
flaky,2902576,2024-03-12,178,3403,3,0,363,30,False,38,https://github.com/box/flaky
xls2xlsx,2894594,2023-01-06,2,12,1,0,61,16,False,7,https://github.com/snoopyjc/xls2xlsx
rstr,2886021,2023-10-11,22,194,1,0,98,5,False,16,https://github.com/leapfrogonline/rstr
pyautogui,2863337,2023-05-24,326,1028,1,0,12688,584,False,50,https://github.com/asweigart/pyautogui
munch,2861310,2023-07-01,159,5667,3,0,787,15,False,16,https://github.com/Infinidat/munch
sarif-om,2851656,2019-10-05,13,267,1,0,47,3,False,7,https://github.com/microsoft/sarif-python-om
nulltype,2849554,2018-06-03,16,109,1,0,,,,29,https://bitbucket.org/jeunice/nulltype
pygetwindow,2837709,2020-10-04,31,321,1,0,422,36,False,9,https://github.com/asweigart/pygetwindow
avro-gen3,2814931,2024-09-05,4,67,2,0,6,1,False,36,https://github.com/acryldata/avro_gen
pastedeploy,2812880,2023-11-21,16,705,4,0,24,4,False,25,https://github.com/Pylons/pastedeploy
starlette-testclient,2812735,2024-04-29,1,57,2,0,13,2,False,6,https://github.com/Kludex/starlette-testclient
pyrect,2809013,2022-03-16,3,288,1,0,14,5,False,9,https://github.com/asweigart/pyrect
kubernetes-stubs,2807831,2022-04-20,1,49,1,0,6690,95,False,13,
red-black-tree-mod,2787635,2023-12-26,1,21,1,0,,,,9,
libsass,2778139,2024-01-06,76,2445,2,0,570,10,True,64,https://github.com/sass/libsass-python
geocoder,2771520,2018-04-04,64,1426,1,0,1658,123,False,109,https://github.com/DenisCarriere/geocoder
result,2757499,2024-06-02,52,139,3,0,1680,1,True,27,https://github.com/rustedpy/result
pytimeparse2,2752677,2023-05-11,13,10,1,0,19,0,False,8,https://github.com/onegreyonewhite/pytimeparse2
ratelim,2739360,2015-02-27,5,1037,1,0,96,4,False,8,https://github.com/themiurgo/ratelim
asciinema,2738813,2023-10-23,5,94,1,0,17786,10,False,12,https://github.com/asciinema/asciinema
mouseinfo,2721064,2020-03-27,6,278,1,0,34,9,False,8,https://github.com/asweigart/mouseinfo
py-ubjson,2718625,2020-04-18,6,180,3,0,45,4,False,11,https://github.com/Iotic-Labs/py-ubjson
reedsolo,2713199,2023-07-15,7,311,2,0,420,30,False,28,https://github.com/tomerfiliba/reedsolomon
dotty-dict,2706929,2022-07-09,26,957,1,0,91,14,False,16,
chroma-hnswlib,2692070,2024-07-22,26,841,1,0,22,9,False,13,https://github.com/chroma-core/hnswlib
futures,2685022,2022-10-31,267,15990,2,0,236,5,False,24,https://github.com/agronholm/pythonfutures
piexif,2681050,2019-07-01,81,1519,1,0,369,55,False,17,https://github.com/hMatoba/Piexif
editdistance,2676240,2024-02-10,92,2578,1,0,704,29,True,13,https://github.com/roy-ht/editdistance
hupper,2664664,2024-01-26,23,882,2,0,223,7,False,38,https://github.com/Pylons/hupper
python-editor,2664426,2019-02-01,56,32588,1,0,88,12,False,9,https://github.com/fmoo/python-editor
keyrings.alt,2663697,2024-08-14,46,5375,1,0,29,3,False,29,https://github.com/jaraco/keyrings.alt
uuid,2659166,2007-05-26,264,3330,1,0,,,,1,
grandalf,2651955,2023-01-26,27,474,1,0,269,14,False,3,https://github.com/bdcht/grandalf
pyzbar,2630730,2022-03-15,75,1685,1,0,698,89,False,9,https://github.com/NaturalHistoryMuseum/pyzbar
cx-oracle,2623415,2021-11-04,51,143,2,0,884,27,False,55,https://github.com/oracle/python-cx_Oracle
pandasql,2620905,2016-04-20,31,380,1,0,1347,59,True,31,https://github.com/yhat/pandasql
zfit-interface,2572716,2021-12-01,1,1,1,0,2,6,False,2,https://github.com/zfit/zfit-interface
swagger-ui-bundle,2570801,2023-11-01,27,1659,3,0,21,5,False,9,https://github.com/spec-first/swagger_ui_bundle
rx,2568339,2022-12-17,45,1994,2,0,5017,41,False,25,https://github.com/ReactiveX/RxPY
svgwrite,2566243,2022-07-14,79,1217,1,0,578,25,True,26,https://github.com/mozman/svgwrite
boa-str,2563924,2017-07-10,0,2,1,0,,,,2,https://github.com/astronomerio/boa
requests-aws-sign,2557412,2020-07-05,3,7,1,0,50,3,False,7,https://github.com/jmenga/requests-aws-sign
pycognito,2556052,2024-05-16,32,66,1,0,149,40,False,28,https://github.com/pvizeli/pycognito
primepy,2532691,2018-05-29,1,6,1,0,3,7,False,3,https://github.com/janaindrajit/primePy
urllib3-secure-extra,2528088,2022-08-01,8,56,2,0,0,1,False,1,https://github.com/urllib3/urllib3-secure-extra
requests-kerberos,2525017,2024-06-03,87,644,6,1,305,12,False,18,https://github.com/requests/requests-kerberos
pymeeus,2519962,2022-12-11,5,466,1,0,73,7,False,62,https://github.com/architest/pymeeus
oyaml,2513359,2020-08-18,61,518,1,0,185,0,False,10,https://github.com/wimglenn/oyaml
pytest-vcr,2512629,2019-04-26,62,1217,1,0,172,20,False,7,https://github.com/ktosiek/pytest-vcr
aws-lambda-typing,2498010,2024-04-02,1,16,1,0,106,6,False,75,https://github.com/MousaZeidBaker/aws-lambda-typing
pytweening,2496900,2024-02-20,19,735,1,0,128,4,False,9,https://github.com/asweigart/pytweening
gnupg,2490261,2017-09-06,18,425,1,0,424,98,False,29,https://github.com/isislovecruft/python-gnupg
azure-cosmosdb-nspkg,2475377,2017-10-05,9,343,1,0,27,30,True,2,https://github.com/Azure/azure-cosmosdb-python
pyscreeze,2449816,2024-08-20,25,324,1,0,214,84,False,29,https://github.com/asweigart/pyscreeze
azure-cosmosdb-table,2443124,2019-10-25,12,444,1,0,27,30,True,10,https://github.com/Azure/azure-cosmosdb-python
jproperties,2440088,2024-07-21,22,205,1,0,36,4,False,5,https://github.com/Tblue/python-jproperties
cfn-flip,2432536,2021-10-07,31,1101,1,0,999,0,True,23,https://github.com/awslabs/aws-cfn-template-flip
pkce,2431865,2021-02-08,22,89,1,0,28,0,False,4,https://github.com/RomeoDespres/pkce
uptime-kuma-api,2419366,2023-09-26,0,2,1,0,394,36,False,24,https://github.com/lucasheld/uptime-kuma-api
forbiddenfruit,2418090,2021-01-16,16,93,1,0,820,31,False,5,https://github.com/clarete/forbiddenfruit
flashtext,2400574,2018-02-16,19,208,1,0,5707,70,False,18,https://github.com/vi3k6i5/flashtext
scim2-filter-parser,2395164,2024-07-20,1,71,2,0,30,4,False,23,https://github.com/15five/scim2-filter-parser
pydruid,2395041,2024-05-16,17,552,6,0,520,90,False,33,https://github.com/druid-io/pydruid
pyqt5,2394894,2024-07-19,767,2667,1,0,,,,35,
python-pam,2387742,2022-03-18,6,286,1,0,119,11,False,7,https://github.com/FirefighterBlu3/python-pam
netifaces,2365582,2021-05-31,263,10026,2,0,338,34,True,15,https://github.com/al45tair/netifaces
aiohttp-jinja2,2357140,2023-11-18,38,987,3,0,240,7,False,35,https://github.com/aio-libs/aiohttp_jinja2
fasttext-wheel,2338987,2024-02-17,40,19,1,0,26529,554,True,1,https://github.com/facebookresearch/fastText
translationstring,2337587,2020-07-09,15,1952,2,0,27,10,False,9,https://github.com/Pylons/translationstring
findspark,2332806,2022-02-11,37,853,1,0,525,13,False,14,https://github.com/minrk/findspark
scrubadub,2331071,2023-09-01,4,25,2,0,433,22,False,13,https://github.com/LeapBeyond/scrubadub
django-ratelimit,2326166,2023-07-24,9,570,3,0,1149,47,False,14,https://github.com/jsocol/django-ratelimit
types-freezegun,2325409,2022-06-09,22,386,1,0,5118,372,False,16,https://github.com/python/typeshed
databricks,2324206,2018-11-15,4,38,2,0,,,,2,
textdistance,2320009,2024-07-16,35,584,1,0,3378,9,False,28,https://github.com/orsinium/textdistance
types-jinja2,2304474,2021-11-26,15,208,1,0,5120,341,False,14,https://github.com/python/typeshed
flask-talisman,2293719,2023-08-03,25,1000,3,0,87,6,False,15,https://github.com/wntrblm/flask-talisman
plaster-pastedeploy,2292182,2022-11-07,12,664,2,0,7,7,False,13,https://github.com/Pylons/plaster_pastedeploy
wordfreq,2291488,2023-11-21,12,127,2,0,1737,12,False,31,https://github.com/rspeer/wordfreq
databricks-api,2283396,2023-06-08,18,37,1,0,59,2,True,10,https://github.com/crflynn/databricks-api
retry2,2283386,2023-01-11,30,41,1,0,29,5,False,3,https://github.com/eSAMTrade/retry
enrich,2277039,2022-01-10,5,809,2,0,40,8,False,12,https://github.com/pycontribs/enrich
readerwriterlock,2273950,2021-09-06,23,83,1,0,104,3,False,10,https://github.com/elarivie/pyReaderWriterLock
jinja2-ansible-filters,2271107,2022-06-30,11,73,2,0,,,,6,https://gitlab.com/dreamer-labs/libraries/jinja2-ansible-filters
flask-shell-ipython,2257512,2024-09-05,10,493,1,0,194,2,False,8,https://github.com/ei-grad/flask-shell-ipython
pytest-ordering,2252681,2018-11-14,51,822,1,0,234,33,False,6,https://github.com/ftobia/pytest-ordering
boto3-type-annotations,2237043,2019-05-02,6,46,1,0,112,8,False,7,https://github.com/alliefitter/boto3_type_annotations
types-markupsafe,2233071,2021-11-27,1,150,1,0,5118,372,False,17,https://github.com/python/typeshed
aws-secretsmanager-caching,2232651,2024-06-20,31,48,1,0,146,10,False,5,https://github.com/aws/aws-secretsmanager-caching-python
python-nvd3,2231857,2024-04-22,7,776,2,0,665,19,False,44,https://github.com/areski/python-nvd3
scandir,2210860,2019-03-09,40,6349,2,0,537,0,True,16,https://github.com/benhoyt/scandir
dominate,2209495,2023-12-24,61,13543,1,0,1827,26,False,36,https://github.com/Knio/dominate
lovelyplots,2204138,2024-03-06,1,0,1,0,927,0,False,26,https://github.com/killiansheriff/LovelyPlots
fs,2189327,2022-05-02,134,1128,2,0,2105,117,False,88,https://github.com/PyFilesystem/pyfilesystem2
hashids,2184439,2020-07-26,30,922,1,0,,,,10,
python-vagrant,2178568,2022-03-31,9,1595,3,0,265,10,False,27,https://github.com/pycontribs/python-vagrant
pyquaternion,2172050,2020-10-05,54,787,1,0,366,37,False,6,https://github.com/KieranWynn/pyquaternion
deep-translator,2150975,2023-06-28,67,346,1,0,1589,37,False,73,https://github.com/nidhaloff/deep_translator
adagio,2147491,2024-08-14,3,118,2,0,10,1,False,16,https://github.com/fugue-project/adagio
anysqlite,2146115,2023-10-02,1,0,1,0,6,5,False,5,https://github.com/karosis88/anysqlite
dateutils,2142512,2020-10-23,83,1029,1,0,17,0,False,7,https://github.com/jmcantrell/python-dateutils
types-tzlocal,2136427,2023-10-24,20,129,1,0,21,9,False,18,https://github.com/python/typeshed
fasttext,2135676,2024-06-12,82,1299,2,0,25394,550,False,36,https://github.com/facebookresearch/fastText
yaml-config,2120549,2020-06-22,1,7,1,0,5,0,False,6,https://github.com/GreenBuildingRegistry/yaml-config
email-reply-parser,2117177,2020-10-07,8,509,2,0,530,19,False,14,https://github.com/zapier/email-reply-parser
mitmproxy-wireguard,2115471,2023-04-04,2,13,1,0,54,0,True,31,https://github.com/decathorpe/mitmproxy_wireguard
sphinx-basic-ng,2111048,2023-07-08,16,880,1,0,33,10,False,14,https://github.com/pradyunsg/sphinx-basic-ng
pytest-snapshot,2111005,2022-04-23,19,243,1,0,138,12,False,15,https://github.com/joseph-roitman/pytest-snapshot
sanic-routing,2105875,2023-12-31,5,404,1,0,16,8,False,25,https://github.com/sanic-org/sanic-routing
pyvirtualdisplay,2104291,2022-02-13,36,675,1,0,780,18,False,27,https://github.com/ponty/pyvirtualdisplay
shareplum,2102601,2020-04-22,5,9,1,0,179,99,True,11,https://github.com/jasonrollins/shareplum
sqlalchemy-stubs,2100365,2021-01-12,47,695,1,0,583,87,False,4,https://github.com/dropbox/sqlalchemy-stubs
jschema-to-python,2095662,2019-10-05,12,250,1,0,39,10,False,6,https://github.com/microsoft/jschema-to-python
pytz-deprecation-shim,2091299,2020-06-17,56,8594,1,0,8,6,False,2,https://github.com/pganssle/pytz-deprecation-shim
us,2077347,2024-07-22,20,387,1,0,518,13,False,17,https://github.com/unitedstates/python-us
django-admin-inline-paginator,2077069,2023-04-26,3,20,1,0,133,13,False,7,https://github.com/shinneider/django-admin-inline-paginator
filterpy,2069487,2018-10-10,51,780,1,0,3278,73,False,47,https://github.com/rlabbe/filterpy
commentjson,2066750,2020-10-05,32,301,1,0,109,13,False,18,https://github.com/vaidik/commentjson
circular-dict,2053468,2024-05-12,1,0,1,0,9,0,False,10,https://github.com/Eric-Canas/CircularDict
polling2,2052766,2021-07-19,26,76,1,0,61,36,False,8,https://github.com/ddmee/polling2
undetected-chromedriver,2050589,2024-02-17,104,908,1,0,12822,1141,False,54,https://github.com/ultrafunkamsterdam/undetected-chromedriver
dicttoxml,2046561,2022-12-23,75,964,1,0,385,26,False,49,https://github.com/quandyfactory/dicttoxml
trailrunner,2021026,2023-03-27,4,183,1,0,18,15,False,11,https://github.com/omnilib/trailrunner
scrapbook,2020269,2021-01-06,10,84,2,0,291,26,True,1,https://github.com/nteract/scrapbook
pymupdfb,2020186,2024-09-02,4,133,1,0,10672,56,False,18,https://github.com/pymupdf/pymupdf
nvidia-cublas-cu11,2018550,2024-08-17,71,4708,1,0,,,,4,
dvc-render,1998165,2024-04-10,14,199,2,0,6,20,False,34,https://github.com/iterative/dvc-render
python-lsp-jsonrpc,1994163,2023-09-23,12,1979,2,0,28,4,False,4,https://github.com/python-lsp/python-lsp-jsonrpc
pytest-messenger,1988024,2022-11-24,0,2,3,0,67,11,False,4,https://github.com/pytest-dev/pytest-messenger
pathlib-mate,1973869,2024-01-22,17,85,1,0,9,1,False,23,https://github.com/MacHu-GWU/pathlib_mate-project
azure-storage-file,1965223,2019-10-09,16,438,2,0,343,86,False,14,https://github.com/Azure/azure-storage-python
nvidia-cuda-nvrtc-cu11,1957696,2024-08-16,52,2977,1,0,,,,3,
plaster,1955649,2022-11-21,9,672,2,0,20,7,False,9,https://github.com/Pylons/plaster
amazon-textract-response-parser,1954620,2024-06-13,9,296,4,0,236,33,False,47,https://github.com/aws-samples/amazon-textract-response-parser
emr-notebooks-magics,1952098,2023-06-30,0,1,1,0,5320,291,False,6,
jsonpath-rw,1949723,2015-04-19,53,849,1,0,610,43,False,21,https://github.com/kennknowles/python-jsonpath-rw
pyramid-jinja2,1945953,2024-02-08,10,324,6,0,71,7,False,41,https://github.com/Pylons/pyramid_jinja2
dbfread,1942814,2016-11-25,17,255,1,0,244,40,False,15,https://github.com/olemb/dbfread
crossplane,1935353,2022-09-22,6,22,1,0,755,24,False,30,https://github.com/nginxinc/crossplane
pyseccomp,1933851,2021-01-02,0,1,1,0,12,0,False,3,https://github.com/cptpcrd/pyseccomp
webvtt-py,1931853,2024-05-30,20,86,1,0,234,23,False,15,https://github.com/glut23/webvtt-py
flask-bcrypt,1931248,2022-04-05,22,3080,2,0,323,8,False,16,https://github.com/maxcountryman/flask-bcrypt
py-asciimath,1924148,2020-04-22,1,1,1,0,42,9,False,20,https://github.com/belerico/py-asciimath
graphframes,1922742,2018-12-05,3,36,1,0,1204,41,False,1,https://github.com/graphframes/graphframes
curatorbin,1915306,2022-01-28,0,1,1,0,0,0,False,9,https://github.com/evergreen-ci/curatorbin
azure-mgmt-datalake-analytics,1901046,2022-12-16,8,416,3,0,5597,1117,False,15,https://github.com/Azure/azure-sdk-for-python
pygsheets,1895171,2022-11-30,24,352,1,0,1544,68,False,17,https://github.com/nithinmurali/pygsheets
tensorboard-plugin-wit,1894384,2022-01-05,73,17710,2,0,1006,97,False,5,
keras-preprocessing,1881525,2020-05-14,39,5336,1,0,1021,93,True,12,https://github.com/keras-team/keras-preprocessing
statshog,1876608,2021-05-07,0,45,1,0,2,0,False,6,https://github.com/macobo/statshog
pysrt,1876586,2020-01-20,38,375,1,0,492,30,False,33,https://github.com/byroot/pysrt
decord,1875939,2021-06-14,40,755,1,0,2512,220,False,24,https://github.com/dmlc/decord
types-werkzeug,1861844,2021-11-26,1,87,1,0,5118,372,False,19,https://github.com/python/typeshed
opentelemetry-resourcedetector-docker,1861620,2022-09-18,2,1,1,0,0,1,False,7,https://github.com/chrisguidry/opentelemetry-resourcedetector-docker
autograd-gamma,1846933,2020-10-15,6,172,1,0,15,3,False,8,https://github.com/CamDavidsonPilon/autograd-gamma
azure-containerregistry,1836888,2023-07-11,2,14,2,0,4524,1021,False,14,https://github.com/Azure/azure-sdk-python
columnar,1836226,2021-12-27,21,30,1,0,34,5,False,13,https://github.com/MaxTaggart/columnar
plyvel,1831259,2024-01-15,29,340,1,0,580,26,False,21,https://github.com/wbolster/plyvel
better-profanity,1830133,2020-11-02,6,138,1,0,232,31,False,12,https://github.com/snguyenthanh/better_profanity
iopath,1829559,2022-07-09,46,1964,2,0,153,10,False,10,https://github.com/facebookresearch/iopath
ntplib,1820325,2021-05-28,41,440,1,0,82,5,False,2,https://github.com/cf-natali/ntplib
nvidia-cuda-runtime-cu11,1811453,2024-08-16,77,3009,1,0,,,,3,
m3u8,1806684,2024-08-07,44,247,5,0,2278,45,False,61,https://github.com/globocom/m3u8
autocommand,1801787,2022-11-18,12,193,1,0,57,25,False,16,https://github.com/Lucretiel/autocommand
ulid-py,1800786,2020-09-15,33,103,1,0,739,8,False,17,https://github.com/ahawker/ulid
testpath,1795015,2022-02-23,62,46233,1,0,31,5,False,11,https://github.com/jupyter/testpath
asteroid-filterbanks,1781298,2021-04-09,14,58,1,0,87,8,False,13,https://github.com/asteroid-team/asteroid-filterbanks
pyramid-mako,1781291,2019-08-18,17,364,4,0,23,5,False,9,https://github.com/Pylons/pyramid_mako
yacs,1775160,2020-08-10,72,3472,1,0,1338,30,False,9,https://github.com/rbgirshick/yacs
opentelemetry-resourcedetector-kubernetes,1773793,2022-09-18,1,1,1,0,0,1,False,3,https://github.com/chrisguidry/opentelemetry-resourcedetector-kubernetes
dvc-http,1772204,2023-12-13,16,220,2,0,1,9,False,11,https://github.com/iterative/dvc-http
pybase62,1765170,2023-05-29,14,187,1,0,81,3,False,16,https://github.com/suminb/base62
sqlalchemy-json,1762493,2023-08-30,14,561,1,0,195,9,False,8,https://github.com/edelooff/sqlalchemy-json
python-chess,1760833,2020-10-26,10,572,1,0,2870,49,False,100,https://github.com/niklasf/python-chess
colour,1742586,2017-11-19,110,2295,1,0,331,35,False,11,https://github.com/vaab/colour
decopatch,1741095,2022-03-01,5,57,1,0,25,14,False,18,https://github.com/smarie/python-decopatch
azure-ai-formrecognizer,1737194,2024-04-09,32,1182,2,0,5593,1124,False,26,https://github.com/Azure/azure-sdk-for-python
trampoline,1733591,2018-08-18,3,23,1,0,5,0,False,3,https://gitlab.com/ferreum/trampoline
pyramid-debugtoolbar,1726581,2024-02-05,14,669,5,0,94,39,False,66,
verspec,1725837,2020-11-30,3,272,1,0,1,1,False,1,https://github.com/jimporter/verspec
types-click,1707642,2021-11-23,79,331,1,0,5118,372,False,24,https://github.com/python/typeshed
envs,1686663,2021-12-09,5,149,1,0,,,,16,
drf-exceptions-hog,1685408,2023-05-08,0,50,3,0,67,4,False,10,https://github.com/posthog/drf-exceptions-hog
spinners,1680511,2020-02-19,13,1150,1,0,247,7,False,10,https://github.com/manrajgrover/py-spinners
analytics-python,1678980,2023-03-22,26,659,2,0,254,11,False,42,https://github.com/segmentio/analytics-python
aioodbc,1678093,2023-10-28,7,19,3,0,326,39,False,13,https://github.com/aio-libs/aioodbc
docopt-ng,1677491,2023-05-30,35,48,2,0,224,13,False,6,https://github.com/jazzband/docopt-ng
protoc-gen-openapiv2,1670170,2022-12-02,10,1,1,0,0,0,False,1,https://github.com/unionai-oss/protoc-gen-openapiv2
logging-azure-rest,1667877,2021-06-14,0,1,1,0,1,0,False,7,https://github.com/Exelscior/logging-azure-rest
shyaml,1665321,2020-12-15,1,152,1,0,767,19,False,16,https://github.com/0k/shyaml
fpdf,1661117,2015-01-22,128,2104,1,0,911,142,False,2,https://github.com/reingart/pyfpdf
word2number,1657272,2017-06-02,22,623,1,0,179,49,False,4,https://github.com/akshaynagpal/w2n
tonyg-rfc3339,1654001,2015-12-05,1,34,2,0,0,0,True,1,https://github.com/cardforcoin/python-rfc3339
redlock-py,1649846,2016-03-08,0,72,1,0,,,,9,https://github.com/SPSCommerce/identity-service
databricks-pypi2,1649124,2018-11-13,0,1,1,0,,,,2,
flask-sock,1648003,2023-10-02,21,143,1,0,256,13,False,14,https://github.com/miguelgrinberg/flask-sock
ajsonrpc,1645780,2021-07-21,1,66,1,0,20,4,False,9,https://github.com/pavlov99/ajsonrpc
azure-mgmt-machinelearningcompute,1644429,2022-11-02,5,268,3,0,5590,1136,False,7,https://github.com/Azure/azure-sdk-for-python
hypothesis-jsonschema,1636458,2024-02-28,9,298,1,0,268,21,False,61,https://github.com/Zac-HD/hypothesis-jsonschema
opencc-python-reimplemented,1635706,2023-02-11,18,112,1,0,569,9,False,7,https://github.com/yichen0831/opencc-python
aioredis,1626639,2021-12-27,237,6123,3,0,2282,95,True,34,https://github.com/aio-libs/aioredis-py
log-symbols,1624537,2019-08-08,13,1145,1,0,43,5,False,9,https://github.com/manrajgrover/py-log-symbols
azure-mgmt-logic,1622459,2022-11-04,7,395,3,0,5591,1130,False,16,https://github.com/Azure/azure-sdk-for-python
requests-sigv4,1620022,2022-06-24,1,1,2,0,7,3,False,3,https://github.com/cleardataeng/requests-sigv4
unpaddedbase64,1618874,2021-03-09,13,139,6,0,11,0,False,5,https://github.com/matrix-org/python-unpaddedbase64
markdowntable,1618757,2022-03-18,0,1,1,0,4,0,True,31,https://github.com/PokestarFan/Python-Markdown-Table
azure,1612966,2020-04-08,15,838,3,0,5597,1117,False,38,https://github.com/Azure/azure-sdk-for-python
ndjson,1610193,2020-02-25,45,209,1,0,68,4,False,4,https://github.com/rhgrant10/ndjson
pyvis,1606479,2023-02-24,140,696,2,0,970,160,False,22,https://github.com/WestHealth/pyvis
polling,1605277,2021-05-22,29,138,1,0,141,6,False,5,https://github.com/justiniso/polling
aiosmtpd,1603854,2024-05-18,24,310,5,2,305,72,False,26,https://github.com/aio-libs/aiosmtpd
google-search-results,1599815,2023-03-10,113,2025,3,0,755,20,False,41,https://github.com/serpapi/google-search-results-python
raven,1588067,2018-12-19,84,8987,1,0,1662,241,True,187,https://github.com/getsentry/raven-python
pygdbmi,1584736,2023-01-29,14,238,2,0,249,22,False,29,https://github.com/cs01/pygdbmi
flake8-docstrings,1582369,2023-01-25,603,9407,1,0,161,3,False,27,https://github.com/pycqa/flake8-docstrings
jcs,1574983,2022-04-10,6,15,1,0,5,1,False,3,https://github.com/titusz/jcs
opentelemetry-resourcedetector-process,1572497,2022-09-18,2,1,1,0,0,1,False,5,https://github.com/chrisguidry/opentelemetry-resourcedetector-process
wurlitzer,1568511,2024-06-12,35,2182,1,0,223,10,False,19,https://github.com/minrk/wurlitzer
setuptools-download,1567454,2024-07-07,0,0,1,0,8,0,False,3,https://github.com/asottile/setuptools-download
python-consul,1565696,2018-07-09,39,570,3,0,464,90,True,40,https://github.com/cablehead/python-consul
selinux,1559409,2022-12-24,5,937,4,0,19,8,False,14,https://github.com/pycontribs/selinux
locate,1556735,2022-12-15,3,10,3,0,3,1,False,4,https://github.com/AutoActuary/locate
atlasclient,1555673,2019-08-19,4,79,1,0,18,15,False,10,https://github.com/jpoullet2000/atlasclient
mercantile,1551158,2021-04-21,38,397,3,0,453,12,False,37,https://github.com/mapbox/mercantile
django-rest-polymorphic,1550531,2022-07-17,3,144,1,0,183,22,False,11,https://github.com/denisorehovsky/django-rest-polymorphic
sagemaker-schema-inference-artifacts,1548465,2024-04-08,1,0,1,0,1,0,False,5,https://github.com/aws/sagemaker-schema-inference-artifacts
pytest-flakefinder,1544302,2022-10-26,8,372,2,0,158,3,False,6,https://github.com/dropbox/pytest-flakefinder
tentaclio-s3,1539848,2022-12-30,1,2,2,0,,,,3,
pytest-shard,1539582,2020-12-11,8,397,1,0,35,4,False,3,https://github.com/AdamGleave/pytest-shard
brotlipy,1533456,2021-09-02,62,6521,2,0,147,13,False,14,https://github.com/python-hyper/brotlipy
types-cryptography,1529474,2022-11-08,29,1091,1,0,5118,372,False,29,https://github.com/python/typeshed
backports.functools-lru-cache,1519712,2023-12-13,72,8965,1,0,37,0,False,18,https://github.com/jaraco/backports.functools_lru_cache
opentelemetry-container-distro,1517254,2022-09-18,1,1,1,0,0,0,False,6,https://github.com/chrisguidry/opentelemetry-container-distro
ddt,1516372,2024-02-26,81,2598,2,0,442,17,False,34,https://github.com/datadriventests/ddt
confusable-homoglyphs,1514481,2024-01-30,3,0,1,0,166,3,True,12,https://github.com/vhf/confusable_homoglyphs
pytest-freezegun,1511178,2020-07-19,36,782,1,0,195,10,False,6,https://github.com/ktosiek/pytest-freezegun
flask-mail,1500209,2024-05-23,36,2000,1,0,642,26,False,29,https://github.com/pallets-eco/flask-mail
azure-loganalytics,1498107,2021-11-12,6,325,3,0,5597,1117,False,2,https://github.com/Azure/azure-sdk-for-python
kylinpy,1496512,2020-08-11,8,14,1,0,62,9,False,45,https://github.com/Kyligence/kylinpy
ruyaml,1492014,2021-12-07,16,71,3,0,79,37,False,9,https://github.com/pycontribs/ruyaml
ocspbuilder,1480803,2016-07-29,0,9,1,0,33,8,False,4,https://github.com/wbond/ocspbuilder
sqlalchemy2-stubs,1475251,2023-12-30,27,1387,2,0,156,40,False,49,https://github.com/sqlalchemy/sqlalchemy2-stubs
azure-servicefabric,1464275,2021-12-14,5,295,3,0,5597,1117,False,17,https://github.com/Azure/azure-sdk-for-python
flask-openid,1451992,2024-05-26,7,485,5,0,235,5,False,14,https://github.com/mitsuhiko/flask-openid
nothing,1449565,2015-12-25,4,10,1,0,9,0,False,3,https://github.com/Carreau/nothing
linecache2,1446425,2015-03-06,3,1928,1,0,1,7,True,2,https://github.com/testing-cabal/linecache2
htmldocx,1443682,2021-08-25,6,34,1,0,89,52,False,6,https://github.com/pqzx/html2docx
spython,1443152,2024-09-15,24,77,1,0,67,1,False,85,https://github.com/singularityhub/singularity-cli
naked,1439068,2022-11-06,3,88,1,0,120,3,False,21,https://github.com/chrissimpkins/naked
ruamel.yaml.jinja2,1430405,2021-09-23,4,43,1,0,,,,11,
itypes,1428967,2020-04-19,5,26233,2,0,19,0,True,3,https://github.com/PavanTatikonda/itypes
dotmap,1426378,2022-04-06,74,615,1,0,481,13,False,91,https://github.com/drgrib/dotmap
interrogate,1423310,2024-04-07,177,1582,1,0,673,42,False,16,https://github.com/econchick/interrogate
pystoi,1420823,2023-12-29,14,200,1,0,362,6,False,11,https://github.com/mpariente/pystoi
pykakasi,1418470,2024-06-24,18,123,1,0,0,0,False,50,https://codeberg.org/miurahr/pykakasi
astral,1416332,2022-11-05,33,1302,1,0,288,60,False,45,https://github.com/sffjunkie/astral
nvidia-nvtx-cu11,1416141,2024-08-16,43,1613,1,0,,,,3,
torchsde,1414637,2023-09-26,18,1277,2,0,1726,34,True,2,https://github.com/google-research/torchsde
pykerberos,1413147,2022-03-09,21,536,3,1,23,7,False,17,https://github.com/02strich/pykerberos
typish,1412764,2021-08-05,5,248,1,0,25,3,False,18,https://github.com/ramonhagenaars/typish
sklearn,1411598,2023-12-01,1089,52941,3,0,,,,10,
bump2version,1409055,2020-10-07,817,5686,2,0,1025,117,False,10,https://github.com/c4urself/bump2version
flpc,1408187,2024-07-09,0,0,1,0,139,9,True,10,https://github.com/itsmeadarsh2008/flpc
shellescape,1405771,2020-01-25,21,1333,1,0,16,0,False,3,https://github.com/chrissimpkins/shellescape
alphashape,1404468,2021-04-16,16,58,1,0,314,30,False,18,https://github.com/bellockk/alphashape
pem,1396469,2023-06-21,26,226,1,0,171,1,False,16,https://github.com/hynek/pem
ipy,1391112,2020-12-01,14,97,1,0,559,16,False,11,https://github.com/autocracy/python-ipy
sphinxcontrib-websupport,1389114,2024-07-29,73,10661,1,0,11,12,False,14,https://github.com/sphinx-doc/sphinxcontrib-websupport
django-admin-list-filter-dropdown,1384901,2019-10-14,3,178,1,0,319,5,False,4,https://github.com/mrts/django-admin-list-filter-dropdown
measurement,1380757,2023-01-10,8,373,3,0,116,20,False,32,https://github.com/coddingtonbear/python-measurement
s3cmd,1374552,2023-12-12,3,346,4,0,,,,19,
sqlitedict,1373886,2022-12-03,76,1356,2,1,1245,38,False,21,https://github.com/piskvorky/sqlitedict
nvidia-cusolver-cu11,1372494,2024-08-17,56,1620,1,0,,,,3,
hologram,1367301,2023-03-24,4,430,1,0,10,11,False,16,https://github.com/fishtown-analytics/hologram
geckodriver-autoinstaller,1364793,2020-02-14,9,75,1,0,22,7,True,4,https://github.com/yeongbin-jo/python-geckodriver-autoinstaller
geonames,1364734,2015-07-29,0,9,1,0,8,1,False,4,https://github.com/DenisCarriere/geonames
pep8,1359501,2017-10-24,113,26315,5,0,5165,105,False,37,https://github.com/PyCQA/pep8
kerberos,1358661,2021-01-09,15,140,4,1,119,26,True,9,https://github.com/apple/ccs-pykerberos
dpkt,1358315,2022-08-18,24,372,4,0,1162,97,False,21,https://github.com/kbandla/dpkt
azure-mgmt-devspaces,1355983,2023-08-22,5,240,3,0,5597,1117,False,5,https://github.com/Azure/azure-sdk-for-python
jupyter-kernel-gateway,1350844,2024-03-12,8,90,10,0,554,25,False,32,https://github.com/jupyter-incubator/kernel_gateway
svgelements,1349620,2023-08-17,10,47,2,0,169,41,False,68,https://github.com/meerk40t/svgelements
dataclasses-json-speakeasy,1349234,2024-02-01,53,6,1,0,1381,145,False,5,https://github.com/lidatong/dataclasses-json
http-ece,1342085,2024-08-08,9,303,1,0,33,7,False,25,https://github.com/martinthomson/encrypted-content-encoding
hsluv,1341837,2023-09-11,7,93,2,0,143,0,False,7,https://github.com/hsluv/hsluv-python
azure-applicationinsights,1341496,2022-02-11,6,246,3,0,3955,1237,False,2,https://github.com/Azure/azure-sdk-for-python
pretty-html-table,1337534,2022-04-25,9,37,1,0,127,16,False,22,https://github.com/sbi-rviot/ph_table
gprofiler-official,1337251,2019-04-02,10,19,2,0,,,,10,
pip-hello-world,1334385,2017-03-23,0,1,1,0,,,,1,
sparqlwrapper,1332815,2022-03-13,46,345,3,0,568,54,False,30,https://github.com/RDFLib/sparqlwrapper
lzfse,1323808,2024-04-19,1,0,1,0,0,0,False,1,https://github.com/m1stadev/lzfse
tensorflow-hub,1323367,2024-01-30,74,4270,4,0,3527,5,False,20,https://github.com/tensorflow/hub
twirp,1321128,2022-04-24,3,10,1,0,7528,15,False,9,https://github.com/twitchtv/twirp
clamd,1318506,2014-08-21,7,79,1,0,93,13,False,8,https://github.com/graingert/python-clamd
seeuletter,1313142,2022-01-25,0,1,2,0,,,,4,
cuid,1310930,2023-03-06,9,27,2,0,63,2,False,3,https://github.com/necaris/cuid.py
zipfile36,1307925,2016-10-16,14,196,1,0,0,0,False,4,https://gitlab.com/takluyver/zipfile36
py-order-utils,1301139,2024-07-29,1,1,2,0,58,5,False,28,https://github.com/polymarket/python-order-utils
cowsay,1299416,2023-09-25,23,136,1,0,175,7,False,6,https://github.com/VaasuDevanS/cowsay-python
virtualenv-clone,1293509,2021-09-07,11,13517,2,0,224,25,False,18,https://github.com/edwardgeorge/virtualenv-clone
zipfile-zstd,1292870,2021-12-08,0,1,1,0,2,0,False,4,https://github.com/taisei-project/python-zipfile-zstd
django-libsass,1291434,2021-07-08,21,908,1,0,273,6,False,9,https://github.com/torchbox/django-libsass
dash-table,1290810,2022-03-02,41,6832,4,0,421,232,True,45,https://github.com/plotly/dash-table
pgeocode,1289378,2024-04-13,10,151,1,0,270,21,False,9,https://github.com/symerio/pgeocode
poly-eip712-structs,1285710,2024-07-18,0,0,1,0,5,0,False,1,https://github.com/Polymarket/poly-py-eip712-structs
businesstimedelta,1281644,2019-09-07,1,8,1,0,38,6,False,3,https://github.com/seppemans/businesstimedelta
pyxdg,1280655,2022-06-05,103,10133,2,2,,,,10,
treys,1278238,2022-06-21,0,26,1,0,166,13,False,7,https://github.com/ihendley/treys
gpustat,1276767,2023-08-22,31,1013,1,0,4392,30,False,14,https://github.com/wookayin/gpustat
textwrap3,1274087,2019-01-23,18,718,1,0,5,1,False,3,https://github.com/jonathaneunice/textwrap3
azure-mgmt-powerbiembedded,1273054,2024-06-24,5,277,3,0,5597,1117,False,5,https://github.com/Azure/azure-sdk-for-python
python3-xlib,1270306,2014-05-31,8,471,1,0,,,,2,https://github.com/LiuLang/python3-xlib
async-stripe,1265838,2023-11-18,0,3,2,0,37,4,False,47,https://github.com/bhch/async-stripe
python-memcached,1265112,2024-01-14,58,10807,1,0,457,39,False,23,https://github.com/linsomniac/python-memcached
fredapi,1264958,2024-05-05,14,102,1,0,1655,36,False,16,https://github.com/mortada/fredapi
django-fernet-fields-v2,1258607,2023-08-15,4,3,1,0,4,0,False,3,https://github.com/MichelML/django-fernet-fields
azure-mgmt,1258374,2020-04-08,6,410,3,0,5597,1117,False,17,https://github.com/Azure/azure-sdk-for-python
databases,1255930,2024-03-01,50,3621,1,0,3993,131,True,43,https://github.com/encode/databases
uszipcode,1244150,2022-01-06,5,139,1,0,250,30,False,16,https://github.com/MacHu-GWU/uszipcode-project
miscreant,1243774,2017-12-25,1,5,1,0,474,16,True,4,https://github.com/miscreant/miscreant
pybytebuffer,1242626,2020-12-28,1,1,1,0,8,1,False,5,https://github.com/iGio90/PyByteBuffer
jsmin,1242399,2022-01-16,54,4115,2,0,92,11,False,24,https://github.com/tikitu/jsmin
crcengine,1241757,2023-04-16,1,3,1,0,9,4,False,11,https://github.com/GardenTools/crcengine
workalendar,1241363,2023-01-01,16,127,2,0,951,123,False,94,https://github.com/workalendar/workalendar
parsley,1237761,2015-09-09,11,115,3,0,,,,4,
traceback2,1237105,2015-03-09,8,1552,1,0,5,4,True,7,https://github.com/testing-cabal/traceback2
jsoncomparison,1236273,2021-05-17,4,57,1,0,67,7,False,4,https://github.com/rugleb/JsonCompare
recordlinkage,1235412,2023-07-20,6,59,1,0,1062,64,False,23,https://github.com/J535D165/recordlinkage
asyncache,1235026,2022-11-15,22,71,1,0,2126,12,False,5,
paypalrestsdk,1230125,2023-11-01,14,339,1,0,706,25,True,49,https://github.com/paypal/PayPal-Python-SDK
confluent-kafka-stubs,1229352,2023-06-12,1,0,1,0,0,1,False,3,https://gitlab.com/theepic-dev/confluent-kafka-stubs
types-chardet,1226311,2023-05-10,16,1368,1,0,5120,341,False,22,https://github.com/python/typeshed
pypiwin32,1222723,2018-02-26,163,3804,4,0,,,,3,
blingfire,1221080,2021-09-24,10,21,3,0,1858,48,False,19,https://github.com/microsoft/blingfire
jaro-winkler,1219562,2022-08-05,1,26,1,0,32,1,False,4,https://github.com/richmilne/JaroWinkler
pybacklogpy,1216682,2021-09-18,0,2,1,0,33,11,True,5,https://github.com/kitadakyou/PyBacklogPy
requests-oauth,1210502,2012-06-21,0,82,1,0,187,18,False,6,https://github.com/maraujop/requests-oauth
psycogreen,1210293,2020-02-22,7,747,2,0,108,1,False,4,https://github.com/psycopg/psycogreen
types-flask,1203591,2021-11-26,13,87,1,0,5118,372,False,10,https://github.com/python/typeshed
linkedin-api-client,1203027,2023-06-29,1,0,2,0,215,24,False,3,https://github.com/linkedin-developers/linkedin-api-python-client
pytoolconfig,1201516,2024-01-11,7,658,1,0,5,10,False,14,https://github.com/bageljrkhanofemus/pytoolconfig
pytest-flask,1198891,2023-10-23,58,2151,2,0,476,13,False,30,https://github.com/pytest-dev/pytest-flask
contextvars,1197307,2019-04-01,116,2294,2,0,90,6,False,6,https://github.com/MagicStack/contextvars
jsonpath-rw-ext,1194130,2019-07-12,10,100,3,0,59,12,False,17,https://github.com/sileht/python-jsonpath-rw-ext
dash-core-components,1186889,2022-03-02,54,8232,4,1,294,54,False,214,
unittest2,1182563,2015-06-30,93,11302,2,0,,,,22,
paypalhttp,1179141,2021-09-14,6,69,1,0,,,,2,
atomicwrites-homeassistant,1172646,2022-07-08,6,261,1,0,321,5,True,1,https://github.com/untitaker/python-atomicwrites
fiddle,1171569,2024-04-09,1,5,1,0,386,91,False,13,https://github.com/google/fiddle
htmlmin2,1168807,2023-03-14,3,70,1,0,132,22,False,1,https://github.com/mankyd/htmlmin
dash-html-components,1168739,2022-03-02,55,8235,4,1,153,18,True,71,https://github.com/plotly/dash-html-components
httmock,1164780,2020-10-28,14,1063,1,0,472,15,False,19,https://github.com/patrys/httmock
sqlalchemy-mate,1162369,2024-06-06,1,7,1,0,2,0,False,19,https://github.com/MacHu-GWU/sqlalchemy_mate-project
zipfile-deflate64,1160412,2022-01-05,7,33,1,0,21,18,False,8,https://github.com/brianhelba/zipfile-deflate64
databricks-pypi1,1159782,2018-11-13,0,1,1,0,,,,2,
django-querycount,1157148,2023-01-05,2,167,2,0,399,13,False,12,https://github.com/bradmontgomery/django-querycount
jupyter-server-fileid,1157147,2024-09-06,8,515,3,0,3,17,False,15,https://github.com/jupyter-server/jupyter_server_fileid
grapheme,1154125,2020-03-07,18,378,1,0,114,12,False,7,https://github.com/alvinlindstam/grapheme
natto-py,1153488,2022-09-07,4,42,1,0,94,6,False,23,https://github.com/buruzaemon/natto-py
emcee,1149013,2024-04-19,161,538,1,0,1597,72,False,27,https://github.com/dfm/emcee
pysher,1146323,2022-10-10,4,669,1,0,65,19,False,21,https://github.com/deepbrook/Pysher
j2cli,1145721,2019-07-19,3,112,1,0,748,37,True,15,https://github.com/kolypto/j2cli
yarg,1142699,2024-08-09,37,2967,1,0,23,2,False,10,https://github.com/kura/yarg
pyro-api,1133576,2020-05-15,9,208,1,0,15,3,False,3,https://github.com/pyro-ppl/pyro-api
django-choices,1127871,2023-07-24,10,240,2,0,175,0,False,26,https://github.com/bigjason/django-choices
py-moneyed,1127741,2022-11-27,16,530,3,0,474,17,False,12,https://github.com/py-moneyed/py-moneyed
mdx-truly-sane-lists,1125650,2022-07-19,25,394,1,0,101,10,False,4,https://github.com/radude/mdx_truly_sane_lists
memoization,1125255,2021-08-01,42,350,1,0,241,14,False,10,https://github.com/lonelyenvoy/python-memoization
glob2,1123967,2019-06-10,79,11591,1,0,125,9,False,7,https://github.com/miracle2k/python-glob2
mysql-connector,1122886,2019-04-01,109,3626,1,0,,,,2,
y-py,1122669,2023-10-06,25,951,4,0,212,34,True,21,https://github.com/y-crdt/ypy
flake8-print,1121351,2022-04-30,180,2049,1,0,121,4,False,20,https://github.com/jbkahn/flake8-print
ansiwrap,1118365,2019-01-23,11,645,1,0,22,10,False,14,https://github.com/jonathaneunice/ansiwrap
eventkit,1117903,2023-12-11,3,48,1,0,148,3,True,13,https://github.com/erdewit/eventkit
recommonmark,1117428,2020-12-17,610,10035,2,0,341,0,True,11,https://github.com/rtfd/recommonmark
tableau-api-lib,1117322,2022-10-15,2,5,1,0,101,20,False,138,https://github.com/divinorum-webb/tableau-api-lib
cron-validator,1117058,2023-06-19,4,15,1,0,23,4,False,9,https://github.com/vcoder4c/cron-validator
jsonalias,1116494,2022-10-30,7,3,1,0,20,1,False,3,https://github.com/kevinheavey/jsonalias
pyinotify,1116424,2015-06-04,37,3462,1,0,2304,84,False,7,https://github.com/seb-m/pyinotify
jsonmerge,1115820,2023-07-19,33,1741,1,0,233,13,False,16,https://github.com/avian2/jsonmerge
rouge,1115048,2021-07-20,26,507,1,0,720,15,False,10,https://github.com/pltrdy/rouge
httpretty,1114449,2021-08-16,95,2960,1,0,2156,130,False,59,https://github.com/gabrielfalcao/httpretty
click-help-colors,1110697,2023-11-18,62,962,1,0,92,5,False,13,https://github.com/click-contrib/click-help-colors
vasprun-xml,1110001,2022-02-14,0,2,1,0,33,5,False,5,https://github.com/qzhu2017/vasprun
django-adminplus,1106788,2023-12-05,0,109,1,0,590,12,False,14,https://github.com/jsocol/django-adminplus
setuptools-golang,1104207,2023-07-29,0,7,1,0,103,0,True,25,https://github.com/asottile/setuptools-golang
pylev,1101697,2021-05-30,7,1666,1,0,99,3,False,7,https://github.com/toastdriven/pylev
docker-py,1100327,2018-02-01,29,4459,2,0,7213,569,False,60,https://github.com/docker/docker-py
jsonpath,1089180,2023-08-24,79,1250,1,0,23,4,True,7,https://github.com/masukomi/jsonpath-perl
pytrends,1085579,2023-04-13,20,509,2,0,3729,152,True,30,https://github.com/dreyco676/pytrends
inflector,1085558,2024-01-12,6,20,1,0,27,0,False,22,https://github.com/ixmatus/inflector
openapi-schema-pydantic,1084252,2022-06-29,49,4613,1,0,122,13,False,13,https://github.com/kuimono/openapi-schema-pydantic
python-baseconv,1080959,2019-04-04,17,140,1,0,42,1,True,6,https://github.com/semente/python-baseconv
dockerfile-parse,1080697,2023-07-18,16,182,4,0,142,12,False,19,https://github.com/containerbuildsystem/dockerfile-parse
nvidia-cuda-cupti-cu11,1079836,2024-08-16,57,1620,1,0,,,,3,
envyaml,1079206,2022-01-08,16,66,1,0,78,10,False,28,https://github.com/thesimj/envyaml
django-fake-model,1077214,2016-02-08,0,48,1,0,43,3,False,5,https://github.com/erm0l0v/django-fake-model
sshpubkeys,1075726,2021-02-04,9,748,1,0,99,12,False,17,https://github.com/ojarva/python-sshpubkeys
coreapi,1075716,2017-10-05,41,27673,1,0,183,29,True,104,https://github.com/core-api/python-client
looseversion,1073955,2023-07-05,27,760,3,0,20,0,False,9,https://github.com/effigies/looseversion
codetiming,1071830,2022-11-08,26,147,2,0,312,6,False,10,https://github.com/realpython/codetiming
ntlm-auth,1071636,2020-06-16,14,1561,2,0,54,1,False,12,https://github.com/jborean93/ntlm-auth
pytest-sftpserver,1070978,2019-09-16,4,17,1,0,37,22,False,8,https://github.com/ulope/pytest-sftpserver
gitlint-core,1070852,2023-09-02,2,220,1,0,910,62,False,65,https://github.com/jorisroovers/gitlint
django-htmlmin,1068314,2019-03-18,6,439,3,0,542,55,False,23,https://github.com/cobrateam/django-htmlmin
openpyxl-stubs,1058227,2023-01-12,1,14,1,0,9,9,False,25,https://github.com/MartinThoma/openpyxl-stubs
nvidia-nccl-cu11,1058069,2024-04-03,54,1614,1,0,,,,10,
liccheck,1057263,2023-09-22,7,96,1,0,182,26,False,44,https://github.com/dhatim/python-license-check
argh,1053120,2024-07-13,67,7792,1,0,382,46,False,65,https://github.com/neithere/argh
gevent-websocket,1053061,2017-03-12,75,4828,1,0,13,18,False,20,https://gitlab.com/noppo/gevent-websocket
nvidia-cufft-cu11,1052659,2024-08-17,56,1619,1,0,,,,3,
fastapi-cache2,1050427,2024-07-24,6,91,1,0,1866,110,False,17,https://github.com/long2ice/fastapi-cache
google-auth-stubs,1047988,2024-08-26,6,4,1,0,1,0,False,3,https://github.com/henribru/google-auth-stubs
trio-typing,1043190,2023-12-01,8,89,1,0,29,8,False,11,https://github.com/python-trio/trio-typing
pyppeteer,1042843,2024-02-18,74,2313,3,0,3942,212,False,35,https://github.com/pyppeteer/pyppeteer
flask-graphql,1042573,2019-12-05,7,213,2,0,1339,41,False,9,https://github.com/graphql-python/flask-graphql
annoy,1040600,2023-06-14,68,572,1,0,14295,86,False,45,https://github.com/spotify/annoy
pytest-watch,1037542,2018-05-20,196,3076,1,0,763,52,False,17,https://github.com/joeyespo/pytest-watch
py-openapi-schema-to-json-schema,1033427,2020-07-25,2,4,1,0,13,1,False,3,https://github.com/pglass/py-openapi-schema-to-json-schema
whoosh,1030327,2016-04-04,51,805,4,0,,,,141,https://bitbucket.org/mchaput/whoosh
darkdetect,1027239,2022-12-16,67,265,1,0,225,15,False,12,https://github.com/albertosottile/darkdetect
setuptools-scm-git-archive,1026472,2023-09-21,5,37,1,0,18,9,True,9,https://github.com/Changaco/setuptools_scm_git_archive
rauth,1024111,2017-01-22,5,1039,1,0,1599,38,True,36,https://github.com/litl/rauth
jinja2-time,1021740,2016-06-08,53,5561,1,0,73,15,False,2,https://github.com/hackebrot/jinja2-time
wordninja,1020394,2019-08-10,19,88,1,0,870,19,False,7,https://github.com/keredson/wordninja
xlutils,1018440,2016-06-09,19,675,1,0,,,,17,
lpips,1016478,2021-08-25,32,1578,1,0,4274,59,False,5,https://github.com/richzhang/PerceptualSimilarity
py-mini-racer,1016445,2021-04-22,26,74,4,1,768,19,False,27,https://github.com/sqreen/PyMiniRacer
pathmagic,1016307,2021-02-01,1,11,1,0,1,1,False,20,https://github.com/matthewgdv/pathmagic
meshio,1013636,2024-01-31,113,283,1,0,1815,185,False,213,https://github.com/nschloe/meshio
ib-insync,1012383,2023-07-02,9,49,1,0,3282,19,True,111,https://github.com/erdewit/ib_insync
ecos,1010942,2024-06-18,19,805,3,0,550,67,False,23,https://github.com/embotech/ecos
wikipedia,1005260,2014-11-15,148,7127,1,0,2883,198,False,20,https://github.com/goldsmith/Wikipedia
bson,1004819,2020-05-26,139,1519,1,0,466,32,False,24,https://github.com/py-bson/bson
cmakelang,1004391,2020-08-19,4,96,1,0,,,,3,https://github.com/cheshirekow/cmakelang
binapy,999725,2024-01-19,3,3,1,0,3,2,False,11,https://github.com/guillp/binapy
flask-dance,994261,2024-03-05,2,127,2,0,1016,49,False,52,https://github.com/singingwolfboy/flask-dance
waybackpy,992035,2022-03-15,7,174,1,0,604,23,False,35,https://github.com/akamhy/waybackpy
backports.weakref,990275,2017-09-17,15,4071,1,0,8,0,False,2,https://github.com/pjdelport/backports.weakref
geohash2,987792,2017-07-06,5,50,1,0,36,0,False,2,https://github.com/dbarthe/geohash
pymp4,986031,2023-05-07,6,6,1,0,93,16,False,11,https://github.com/beardypig/pymp4
ta,983241,2023-11-02,38,320,1,0,4233,137,False,55,https://github.com/bukosabino/ta
sphinxcontrib-redoc,979083,2020-04-17,11,158,1,0,35,20,False,10,https://github.com/ikalnytskyi/sphinxcontrib-redoc
redo,978486,2024-07-17,7,359,4,0,101,6,False,16,https://github.com/mozilla-releng/redo
xmljson,978223,2020-04-25,26,554,1,0,126,18,True,12,https://github.com/sanand0/xmljson
ldaptor,976531,2021-02-28,2,27,1,0,167,50,False,9,https://github.com/twisted/ldaptor
openunmix,974811,2024-04-16,0,75,1,0,1504,9,False,6,https://github.com/sigsep/open-unmix-pytorch
amazon-textract-caller,974082,2024-06-20,22,60,4,0,491,112,False,29,https://github.com/aws-samples/amazon-textract-textractor
manhole,971639,2024-07-04,2,73,1,0,402,9,False,24,https://github.com/ionelmc/python-manhole
sqlite-fts4,967466,2022-07-30,6,75,1,0,23,1,False,9,https://github.com/simonw/sqlite-fts4
urlextract,966991,2024-02-29,26,1678,1,0,278,30,False,33,https://github.com/lipoja/URLExtract
postmarker,966044,2022-01-15,2,48,1,0,149,22,False,43,https://github.com/Stranger6667/postmarker
rangehttpserver,965806,2024-08-27,6,48,2,0,185,6,False,10,https://github.com/danvk/RangeHTTPServer
pyapns-client,964290,2022-06-09,0,3,1,0,24,5,False,10,https://github.com/kukosk/pyapns_client
backports.tempfile,959529,2017-10-13,46,2226,1,0,5,4,False,2,https://github.com/pjdelport/backports.tempfile
coreschema,957028,2017-02-08,10,26209,1,0,15,12,True,4,https://github.com/core-api/python-coreschema
py-grpc-prometheus,956977,2024-02-29,5,43,1,0,54,9,False,10,https://github.com/lchenn/py-grpc-prometheus
fvcore,955101,2022-12-21,56,1311,1,0,2250,54,False,192,https://github.com/facebookresearch/fvcore
nvidia-curand-cu11,952616,2024-08-17,53,1615,1,0,,,,3,
pymacaroons,950135,2018-02-21,10,2982,1,0,81,20,False,35,https://github.com/ecordell/pymacaroons
mohawk,947134,2019-10-28,15,197,1,0,46,9,False,16,https://github.com/kumar303/mohawk
uncalled,947082,2024-07-11,0,1,1,0,20,2,False,5,https://github.com/elazarg/uncalled
vadersentiment,942178,2020-05-22,10,132,1,0,5059,56,False,14,https://github.com/cjhutto/vaderSentiment
blessings,940873,2018-06-21,66,3925,1,0,1488,32,False,10,https://github.com/erikrose/blessings
jsons,939626,2022-06-09,63,318,1,0,291,47,False,52,https://github.com/ramonhagenaars/jsons
proxy-protocol,938759,2024-04-27,1,2,1,0,17,1,False,33,https://github.com/icgood/proxy-protocol
pystray,935140,2023-09-17,39,143,1,0,571,40,False,36,https://github.com/moses-palmer/pystray
ps-mem,935131,2022-05-28,1,10,1,0,1637,22,False,3,https://github.com/pixelb/ps_mem
docker-compose,934753,2021-05-10,63,4283,4,0,38104,108,False,142,https://github.com/docker/compose
pycnite,934416,2024-07-31,1,4,4,0,27,0,True,10,https://github.com/google/pycnite
types-stripe,933016,2024-01-06,1,126,1,0,5118,372,False,30,https://github.com/python/typeshed
torch-ema,931645,2021-11-17,8,135,1,0,445,3,False,2,https://github.com/fadel/pytorch_ema
icmplib,931061,2023-10-10,21,698,1,0,310,19,False,22,https://github.com/ValentinBELYN/icmplib
schematics,930872,2021-08-17,27,475,4,0,2586,109,False,24,https://github.com/schematics/schematics
msgpack-numpy,929577,2022-06-09,54,1727,1,0,215,5,False,21,https://github.com/lebedov/msgpack-numpy
formic2,928215,2018-05-28,2,36,1,0,3,1,False,3,https://github.com/wolfhong/formic
flake8-plugin-utils,927231,2023-06-26,10,806,1,0,18,6,False,11,https://github.com/afonasev/flake8-plugin-utils
pytest-anyio,924918,2021-06-29,3,3,1,0,0,0,False,1,https://github.com/graingert/pytest-anyio
tensorflow-addons,923528,2023-11-28,96,2984,2,0,,,,35,
typing-utils,923480,2021-05-23,14,278,1,0,12,2,False,4,https://github.com/bojiang/typing_utils
jupyter-packaging,921976,2022-08-25,53,544,5,0,65,16,False,39,https://github.com/jupyter/jupyter-packaging
sagemaker-data-insights,920808,2023-03-28,2,0,1,0,,,,5,https://github.com/aws/sagemaker-data-insights
sql-formatter,916533,2021-05-01,4,5,1,0,46,12,False,18,https://github.com/PabloRMira/sql_formatter
sagemaker-datawrangler,916207,2023-06-10,0,1,1,0,,,,7,
plotly-express,914228,2019-08-07,40,873,5,0,6,47,True,25,https://github.com/plotly/plotly_express
spacy-language-detection,912858,2021-09-08,1,3,1,0,7,3,False,1,https://github.com/davebulaval/spacy-language-detection
apeye-core,910458,2024-01-30,4,72,1,0,0,3,False,10,https://github.com/domdfcoding/apeye-core
splunk-handler,909963,2021-08-17,1,4,1,0,57,11,False,19,https://github.com/zach-taylor/splunk_handler
clikit,908517,2020-06-09,8,1073,1,0,74,14,False,18,https://github.com/sdispater/clikit
langid,907445,2016-04-05,53,666,1,0,2198,29,False,8,https://github.com/saffsd/langid.py
importlab,906222,2023-10-06,5,256,5,0,179,11,True,13,https://github.com/google/importlab
djangorestframework-role-filters,904222,2023-10-06,0,5,1,0,98,0,False,9,https://github.com/allisson/django-rest-framework-role-filters
mkdocs-minify-plugin,902754,2024-01-29,61,1941,1,0,195,9,False,18,https://github.com/byrnereese/mkdocs-minify-plugin
csscompressor,899866,2017-11-26,19,477,2,0,92,7,False,6,https://github.com/sprymix/csscompressor
types-botocore,899609,2022-04-01,2,8,1,0,670,24,False,3,https://github.com/youtype/mypy_boto3_builder
flake8-junit-report-basic,899456,2022-10-04,0,0,1,0,3,0,False,1,https://github.com/ricardogarfe/flake8-junit-report
pyshark,899176,2023-04-26,20,263,1,0,2497,144,False,48,https://github.com/KimiNewt/pyshark
gender-guesser,894564,2016-12-05,10,154,2,0,137,12,False,3,https://github.com/lead-ratings/gender-guesser
graphql-server-core,893686,2020-03-17,5,673,3,0,134,7,False,8,https://github.com/graphql-python/graphql-server-core
assertpy,892220,2020-07-19,22,506,3,0,464,18,False,13,https://github.com/assertpy/assertpy
airtable,890444,2021-02-05,1,45,2,0,273,11,False,9,https://github.com/josephbestjames/airtable.py
types-sqlalchemy-utils,889381,2024-05-13,1,11,1,0,5,6,False,3,https://github.com/cex-solutions/types-sqlalchemy-utils
telepath,886039,2023-06-12,5,277,1,0,144,5,False,5,https://github.com/wagtail/telepath
pipupgrade,885919,2022-02-16,2,173,1,0,597,58,False,44,https://github.com/achillesrasquinha/pipupgrade
bleach-allowlist,885783,2020-08-13,7,128,1,0,14,1,False,6,https://github.com/yourcelf/bleach-allowlist
opentracing,884706,2020-11-19,30,1135,3,0,750,28,True,24,https://github.com/opentracing/opentracing-python
types-smorest,878235,2022-12-13,0,3,1,0,2,12,False,11,https://github.com/cex-solutions/types-smorest
cint,878159,2019-03-19,1,1,1,0,9,6,False,1,https://github.com/disconnect3d/cint
nvidia-cusparse-cu11,877206,2024-08-17,56,1622,1,0,,,,3,
flake8-quotes,877008,2024-02-10,178,5923,3,0,178,12,False,41,https://github.com/zheller/flake8-quotes
slugid,875911,2019-02-15,6,269,3,0,6,0,False,9,https://github.com/taskcluster/slugid.py
strict-rfc3339,875443,2016-04-24,44,1189,1,0,,,,7,
mnemonic,870180,2024-01-05,70,710,3,0,954,5,False,14,https://github.com/trezor/python-mnemonic
crypto,869084,2015-05-14,25,877,1,0,47,18,False,16,https://github.com/chrissimpkins/crypto
pyrender,865155,2021-02-18,14,418,1,0,1468,191,False,43,https://github.com/mmatl/pyrender
hl7apy,861187,2024-03-13,2,17,2,0,280,37,False,14,https://github.com/crs4/hl7apy
rfc3339,859802,2019-09-24,22,458,1,0,,,,7,
pcpp,859574,2021-10-29,10,174,1,0,251,14,False,6,https://github.com/ned14/pcpp
pyandoc,859152,2016-02-04,1,105,2,0,215,2,True,2,https://github.com/kennethreitz/pyandoc
htmlmin,857691,2017-12-29,69,2577,1,0,137,15,False,9,https://github.com/mankyd/htmlmin
halo,856857,2020-11-10,176,1382,1,0,2892,50,False,31,https://github.com/manrajgrover/halo
json2html,855033,2019-07-03,26,894,1,0,282,21,False,13,https://github.com/softvar/json2html
prefixed,854667,2024-09-02,4,58,1,0,27,0,False,17,https://github.com/Rockhopper-Technologies/prefixed
cbor,852196,2016-02-09,20,870,1,0,,,,26,https://bitbucket.org/bodhisnarkva/cbor
apeye,850232,2023-08-14,15,108,1,0,1,6,False,24,https://github.com/domdfcoding/apeye
google-reauth,849630,2020-12-01,3,168,2,0,12,0,True,2,https://github.com/Google/google-reauth-python
sigtools,848728,2022-10-13,4,64,1,0,,,,23,
ypy-websocket,848175,2023-10-04,19,922,6,0,51,17,True,37,https://github.com/y-crdt/ypy-websocket
future-fstrings,847769,2019-06-16,33,355,1,0,389,0,True,14,https://github.com/asottile/future-fstrings
suds-py3,844589,2021-11-15,30,270,1,1,133,31,False,11,https://github.com/cackharot/suds-py3
argparse-dataclass,842298,2023-06-11,5,6,1,0,97,17,False,8,https://github.com/mivade/argparse_dataclass
asciitree,841090,2016-09-05,31,470,1,0,90,7,False,6,https://github.com/mbr/asciitree
git-remote-codecommit,840679,2023-08-25,2,137,1,0,270,33,False,11,https://github.com/awslabs/git-remote-codecommit
robust-downloader,840631,2023-11-13,3,0,1,0,5,0,False,2,https://github.com/fedebotu/robust-downloader
wrapt-timeout-decorator,837053,2024-02-28,17,23,1,0,160,11,False,19,https://github.com/bitranox/wrapt_timeout_decorator
patch,835439,2016-02-13,12,333,1,0,121,39,False,4,https://github.com/techtonik/python-patch
facexlib,835205,2023-04-15,18,780,1,0,978,39,False,16,https://github.com/xinntao/facexlib
python-mimeparse,834919,2024-08-25,19,4189,4,0,20,7,False,10,https://github.com/falconry/python-mimeparse
publish-event-sns,833046,2020-05-22,0,1,1,0,0,0,False,3,https://github.com/msantino/publish-event-sns
iterproxy,832490,2023-11-02,10,1,1,0,1,0,False,3,https://github.com/MacHu-GWU/iterproxy-project
paste,832206,2024-05-01,29,497,4,1,63,12,False,76,https://github.com/pasteorg/paste
yoyo-migrations,830639,2024-08-10,18,229,1,0,,,,47,
py-money,828830,2020-01-29,2,17,1,0,127,11,False,6,https://github.com/vimeo/py-money
logzero,827582,2021-03-17,143,1156,1,0,1028,24,True,16,https://github.com/metachris/logzero
pluginbase,822606,2021-05-16,15,362,2,0,1139,5,False,9,https://github.com/mitsuhiko/pluginbase
jsonschema-spec,821315,2023-08-16,4,275,1,0,10,11,False,12,https://github.com/p1c2u/jsonschema-spec
jupyter-dash,820642,2022-04-01,58,387,3,0,957,55,True,14,https://github.com/plotly/jupyter-dash
wandb-osh,820160,2024-03-21,0,0,1,0,92,16,False,10,https://github.com/klieret/wandb-offline-sync-hook
python-logging-loki,819559,2019-11-28,11,36,1,0,163,27,False,4,https://github.com/greyzmeem/python-logging-loki
py3dbp,818613,2020-07-04,0,1,1,0,463,30,False,7,https://github.com/enzoruiz/3dbinpacking
easyprocess,818459,2022-01-15,12,248,1,0,114,2,False,29,https://github.com/ponty/easyprocess
keyboard,816014,2020-03-23,259,1782,1,0,3964,414,False,34,https://github.com/boppreh/keyboard
timeago,813106,2022-08-18,27,458,2,0,223,5,False,14,https://github.com/hustcc/timeago
opendatalab,812093,2023-08-02,1,1,2,0,57,4,False,83,https://github.com/opendatalab/opendatalab-python-sdk
config,809283,2021-09-11,12,1880,1,0,,,,15,
azure-ai-contentsafety,807489,2023-12-12,6,1,1,0,5518,1139,False,2,https://github.com/Azure/azure-sdk-for-python
esprima,807180,2018-08-24,47,740,1,0,266,7,False,14,https://github.com/Kronuz/esprima-python
gym,804255,2022-10-04,389,13519,9,0,41791,297,False,108,
cerberus-python-client,802708,2022-10-06,1,1,3,0,12,3,True,33,https://github.com/Nike-Inc/cerberus-python-client
gviz-api,802636,2021-10-14,2,247,1,0,134,23,True,2,https://github.com/google/google-visualization-python
murmurhash2,801013,2022-02-12,3,4,1,0,4,0,False,13,https://github.com/messense/murmurhash2-py
python-olm,800970,2023-11-28,12,65,3,0,13,0,True,4,https://github.com/poljar/python-olm
remote-pdb,800249,2020-07-24,4,256,1,0,305,9,False,12,https://github.com/ionelmc/python-remote-pdb
prettierfier,798420,2019-07-22,2,12,1,0,5,2,False,3,https://github.com/annedo/prettierfier
flake8-broken-line,794746,2023-05-31,29,2904,1,0,111,14,False,9,https://github.com/wemake-services/flake8-broken-line
sharepy,791186,2022-02-05,2,23,1,0,177,38,False,7,https://github.com/JonathanHolvey/sharepy
trafaret,791135,2022-04-01,20,319,2,0,173,22,False,75,https://github.com/Deepwalker/trafaret
bumpversion,782976,2020-05-14,359,7487,2,0,1519,93,False,23,https://github.com/peritus/bumpversion
codefind,782467,2024-09-08,3,20,1,0,,,,8,https://github.com/breuleux/codefind
srt,780618,2023-03-28,26,205,1,0,536,10,False,30,https://github.com/cdown/srt
